Title,Authors,Publication,Year
A Pilot Study of Ascitic Fluid Proteomics in Cirrhosis With Spontaneous Bacterial Peritonitis,"Nadda, Rohit; Garg, Pratibha; Duseja, Ajay; Verma, Nipun; ",Journal of Clinical and Experimental Hepatology,2026
Central obesity is an independent determinant of advanced fibrosis in lean patients with nonalcoholic fatty liver disease,"De, Arka; Bhagat, Naveen; Mehta, Manu; Singh, Priya; Rathi, Sahaj; Verma, Nipun; Taneja, Sunil; Premkumar, Madhumita; Duseja, Ajay; ",Journal of Clinical and Experimental Hepatology,2025
Insulin-like growth factor-1 levels reflect muscle and bone health and determine complications and mortality in decompensated cirrhosis,"Kaur, Parminder; Verma, Nipun; Wadhawan, Aishani; Garg, Pratibha; Ralmilay, Samonee; Kalra, Naveen; Baloji, Abhiman; Dutta, Pinaki; Sharma, Gaurav; Rathi, Sahaj; ",Journal of Clinical and Experimental Hepatology,2025
"Impact of diabetes, drug-induced liver injury, and sepsis on outcomes in metabolic dysfunction associated fatty liver disease–related acute-on-chronic liver failure","Kumar, Ashish; Arora, Anil; Choudhury, Ashok; Arora, Vinod; Rela, Mohamed; Jothimani, Dinesh Kumar; Mahtab, Mamun A; Devarbhavi, Harshad; Eapen, Chundamanni E; Goel, Ashish; ",Official journal of the American College of Gastroenterology| ACG,2025
Comparison of measured glomerular filtration rate versus estimated glomerular filtration rate in Indian cirrhotic patients: report of a pilot study,"Divyaveer, Smita; Kashyap, Madhuri; Kekan, Kushal; Yadav, Ashok K; Kaur, Jaskiran; Premkumar, Madhumita; Gandotra, Akash; Prajapati, Kanchan; De, Arka; Duseja, Ajay K; ",Journal of Clinical and Experimental Hepatology,2025
Population pharmacokinetic study of colistin for dose optimization in patients with acute on chronic liver failure (ACLF) patients,"Bhandari, Ritika; Shafiq, Nusrat; Murali, Naveen; Vij, Soumya; Verma, Nipun; Pandey, Avaneesh Kumar; Gota, Vikram Prakash; Rajan, M Surulivel; Duseja, Ajay Kumar; Malhotra, Samir; ",International Journal of Infectious Diseases,2025
Consensus guidelines for the diagnosis and management of metabolic dysfunction-associated steatotic liver disease in adult Asian Indians with type 2 diabetes,"Misra, Anoop; Kumar, Ashish; Kuchay, Mohammad Shafi; Ghosh, Amerta; Gulati, Seema; Choudhary, Narendra Singh; Dutta, Deep; Sharma, Praveen; Vikram, Naval K; Rastogi, Ashu; ",Diabetes & Metabolic Syndrome: Clinical Research & Reviews,2025
"Proteomics-guided Biomarker Discovery, Validation, and Pathway Perturbation in Infection-related Acute Decompensation of Cirrhosis","Garg, Pratibha; Verma, Nipun; Valsan, Arun; Sarohi, Vivek; Basak, Trayambak; Gupta, Tarana; Kaur, Parminder; Ralmilay, Samonee; Singh, Shreya; De, Arka; ",Clinical Gastroenterology and Hepatology,2025
"Global epidemiology of acute kidney injury in hospitalised patients with decompensated cirrhosis: the International Club of Ascites GLOBAL AKI prospective, multicentre, cohort study","Patidar, Kavish R; Ma, Ann T; Juanola, Adrià; Barone, Anna; Incicco, Simone; Kulkarni, Anand V; Hernández, José Luis Pérez; Wentworth, Brian; Asrani, Sumeet K; Alessandria, Carlo; ",The Lancet Gastroenterology & Hepatology,2025
Clinical and pathophysiological characteristics of non-acute decompensation of cirrhosis,"Verma, Nipun; Kaur, Parminder; Garg, Pratibha; Ranjan, Vivek; Ralmilay, Samonee; Rathi, Sahaj; De, Arka; Premkumar, Madhumita; Taneja, Sunil; Roy, Akash; ",Journal of Hepatology,2025
Machine learning models and AI in predicting diagnosis and prognosis in alcohol-related and metabolic dysfunction-associated steatotic liver disease,"Roy, Akash; Verma, Nipun; ",Metabolism and Target Organ Damage,2025
Comparison of DTPA camera-based Gates method versus plasma-clearance methods for assessment of GFR in cirrhosis: A pilot study,"Divyaveer, Smita; Kashyap, Madhuri; Kekan, Kushal; Premkumar, Madhumita; Prajapati, Kanchan; De, Arka; Bhattacharya, Anish; Prashar, Sarika Sharma; Kaur, Komalpreet; Yadav, Ashok Kumar; ",Indian Journal of Gastroenterology,2025
Post COVID Condition and Long?Term COVID?19 Impact on Hepatic Decompensation and Survival in Cirrhosis: A Propensity Matched Observational Study,"Sharma, Prerna; Premkumar, Madhumita; Guru, Rashmi Ranjan; Sandhu, Anchal; Kajal, Kamal; De, Arka; Rathi, Sahaj; Verma, Nipun; Taneja, Sunil; Singh, Virendra; ",JGH Open,2025
Impact of Quinolone Prophylaxis on Spontaneous Bacterial Peritonitis and Mortality in Cirrhosis Patients: A Systematic Review and Meta?Analysis of Randomized Controlled Trials,"Malvi, Ajay; Verma, Nipun; Khatib, Mahalaqua Nazli; Ganesan, Subbulakshmi; Kaur, Mandeep; Srivastava, Manish; Barwal, Amit; Prasad, GV Siva; Rajput, Pranchal; Syed, Rukshar; ",JGH Open,2025
Non-acute decompensation of cirrhosis is a clinically and biologically distinct phenotype in cirrhosis,"Verma, N; Kaur, P; Garg, P; Ranjan, V; Ralmilay, S; Rathi, S; De, A; Premkumar, M; Taneja, S; Roy, A; ",Cytokines,2025
Clinical impact of non selective beta-blockers in patients with cirrhosis and acute kidney injury: a post hoc analysis of the international club of ascites GLOBAL-AKI study,"Incicco, Simone; Patidar, Kavish; Ma, Ann Thu; Juanola, Adria; Barone, Anna; Kulkarni, Anand; Pérez-Hernández, José Luis; Wentworth, Brian; Asrani, Sumeet; Alessandria, Carlo; ",Journal of Hepatology,2025
Acute-on-chronic liver failure (ACLF): the ‘Kyoto Consensus’—steps from Asia,"Choudhury, Ashok; Kulkarni, Anand V; Arora, Vinod; Soin, AS; Dokmeci, Abdul Kadir; Chowdhury, Abhijeet; Koshy, Abraham; Duseja, Ajay; Kumar, Ajay; Mishra, Ajay Kumar; ",Hepatology international,2025
Evaluating Noninvasive Tests for Significant Fibrosis in a Population-Based MASLD Cohort: Insights from NHANES 2017–2020,"Dunn, Winston; Yip, Terry Cheuk-Fung; Adams, Leon; Verma, Nipun; Wong, Vincent Wai-Sun; Castera, Laurent; Abdelmalek, Manal F; Singal, Ashwani K; Dunn, Nicholas; Chen, Vincent; ",,2025
Preventive Hepatology: Need and Vision,"Bhadoria, Ajeet Singh; Sinha, Smita; Nundy, Samiran; ",Preventive Hepatology,2025
"Impact of growth hormone therapy on complications, disease severity, and frailty in decompensated cirrhosis: a randomized controlled trial","Kaur, Parminder; Verma, Nipun; Garg, Pratibha; Dutta, Pinaki; Taneja, Sunil; Duseja, Ajay Kumar; Singh, Virendra; ",JOURNAL OF HEPATOLOGY,2025
Defining Organ Failures in Patients with Cirrhosis: Consensus Statements,"Bajaj, Jasmohan S; Shawcross, Debbie L; Choudhury, Ashok; Karvellas, Constantine J; O’Leary, Jacqueline G; Trebicka, Jonel; Kulkarni, Anand V; Marciano, Sebastian; Asrani, Sumeet K; Premkumar, Madhumita; ",Gastroenterology,2025
Unveiling Autoimmune Hepatitis Following Acute Viral Hepatitis,"Rose, Sweta; Ashraf, Muhammad Uwais; Priya, Kannu; Vinod, Ashwin P; Ganesh, CP; Shastri, Arpit; Mitra, Suvradeep; De, Arka; Verma, Nipun; Premkumar, Madhumita; ",Journal of Clinical and Experimental Hepatology,2025
Impact of hepatic steatosis and metabolic dysfunction on disease severity and treatment outcomes in patients with hepatocellular carcinoma,"Ashraf, Muhammad Uwais; SIngh, Priya; Rose, Sweta; Mitra, Suvradeep; De, Arka; Verma, Nipun; Premkumar, Madhumita; Taneja, Sunil; Bhujade, Harish; Kalra, Naveen; ",Journal of Clinical and Experimental Hepatology,2025
"Exploring the prevalence, clinical parameters and impact of culture proven ascitic fluid infections in Cirrhosis: A multi-center study","Verma, Nipun; Mehtani, Rohit; Garg, Pratibha; Valsan, Arun; Prasad, Shilpa; Sharma, Anand; Omar, Balram Ji; Darla, Naga Srikanth; Agarwala, Roshan; Mandot, Ameet; ",Journal of Clinical and Experimental Hepatology,2025
"Stratification, therapeutic targeting and towards personalised care in cirrhosis","Verma, Nipun; Angeli, Paolo; Jalan, Rajiv; ",Journal of Hepatology,2025
Identification and validation of RIPK3 as a novel biomarker to predict outcomes in patients with acutely decompensated cirrhosis,"Verma, Nipun; Garg, Pratibha; Kaur, Parminder; Munjal, Saloni; Vinod, Ashwin P; Valsan, Arun; Andreola, Fausto; Kumar, Pavitra; Saeidinejad, MohammadMahdi; Engelmann, Cornelius; ",Journal of Hepatology,2025
Plasma exchange to treat Hepatitis A related acute liver failure Defining a Window of opportunity-Multicentre cohort study,"Janeela, Asisha M; Duseja, Ajay; Valsan, Arun; Mahajan, Ramit; Jain, Ajay; Kabrawala, Mayank; Philip, Mathew; Alagammai, PL; Kuriakose, Ajith; Sharma, Anand; ",Journal of Clinical and Experimental Hepatology,2025
Temporal Trends in Etiologies and Mortality of Acute Liver Failure: A 12-Year Retrospective Analysis,"Verma, Nipun; Ashraf, Muhammad Uwais; Ganesh, CP; Mehta, Manu; Kaur, Parminder; Nadda, Rohit; Garg, Pratibha; De, Arka; Premkumar, Madhumita; Taneja, Sunil; ",Journal of Clinical and Experimental Hepatology,2025
Identification and validation of Receptor-Interacting Protein Kinase 3 as a biomarker in acutely decompensated cirrhosis for targeted personalised therapy,"Verma, Nipun; Garg, Pratibha; Kaur, Parminder; Munjal, Saloni; Vinod, Ashwin P; Valsan, Arun K; Andreola, Fausto; De, Arka; Premkumar, Madhumita; Taneja, Sunil; ",Journal of Clinical and Experimental Hepatology,2025
Endoscopic Ultrasound Guided Liver Biopsy (EUS-LB) and Portosystemic Pressure Gradient (PPG) Measurement as One-Stop Endoscopic Assessment in Patients with Suspected compensated advanced chronic liver disease (cACLD) and Cirrhosis: A Real-life Observational Study,"De, Arka; Shastri, Arpit; Mitra, Suvradeep; Rose, Sweta; Naveen, KB; Thakur, Dinesh; Bhagat, Naveen; Verma, Nipun; Premkumar, Madhumita; Taneja, Sunil; ",Journal of Clinical and Experimental Hepatology,2025
Reporting guideline for Chatbot Health Advice studies: the CHART statement,"Huo, Bright; Collins, Gary S; Chartash, David; Thirunavukarasu, Arun J; Flanagin, Annette; Iorio, Alfonso; Cacciamani, Giovanni; Chen, Xi; Liu, Nan; Mathur, Piyush; ",JAMA network open,2025
A Novel Tolerance-to-Resistance Immune Ratio (TRIR) Predicts Mortality in Cirrhosis: Longitudinal Proteomics Reveals Immune-Tolerant Phenotype Validated by Flow Cytometry,"Garg, Pratibha; Verma, Nipun; Kaur, Parminder; Nadda, Rohit; Saikia, Biman; Taneja, Sunil; Duseja, Ajay; ",Journal of Clinical and Experimental Hepatology,2025
Cross-sectional study on clinico-pathological profile and outcomes of severe hepatitis A outbreak in India,"Valsan, Arun; Nair, Gowripriya; Verma, Nipun; Panackel, Charles; Shenoy, KT; Ahamed, Hasim; Sebastion, Benoy; Nandakumar, R; Mohan, Nimitha K; Gutjahr, Georg; ",Journal of Clinical and Experimental Hepatology,2025
Plasma exchange with corticosteroids as a rescue therapy for severe prolonged cholestasis in acute viral hepatitis,"Taneja, Sunil; Mehtani, Rohit; Ganesh, Chandragiri P; Rose, Sweta; Balaraja, Sathyanarayanappa; Rathi, Sahaj; De, Arka; Lamba, Divjot; Verma, Nipun; Premkumar, Madhumita; ",Journal of Clinical and Experimental Hepatology,2025
"Prevalence of hepatitis B and C virus infection, hepatitis B vaccination status and hepatic steatosis among healthcare workers: a cross-sectional study from north India","Singh, Savneet; Bhagat, Naveen; Meena, Babulal; De, Arka; Verma, Nipun; Premkumar, Madhumita; Taneja, Sunil; Duseja, Ajay; ",Journal of Clinical and Experimental Hepatology,2025
Evaluating Point-of-Care Ultrasound for Early Diagnosis of SBP in Decompensated Cirrhosis,"Singh, Harjot; Taneja, Sunil; Bhujade, Harish; Kumar, Yogendra; Nimesh, Ruby; Rose, Sweta; De, Arka; Verma, Nipun; Premkumar, Madhumita; Kalra, Naveen; ",Journal of Clinical and Experimental Hepatology,2025
"Growth Hormone Therapy Prevents Complications and ACLF in Decompensated Cirrhosis: A Multimodal Strategy Targeting Regeneration, Immunity, and Nutrition","Kaur, Parminder; Verma, Nipun; Garg, Pratibha; Dutta, Pinaki; Sharma, Gaurav; Kalra, Naveen; De, Arka; Taneja, Sunil; Duseja, Ajay; Singh, Virendra; ",Journal of Clinical and Experimental Hepatology,2025
"Clinical profile, Prognostic Factors and Outcomes in Acute Liver Injury Due to Yellow Phosphorus/Metal Phosphide Poisoning: A Large Real-World Cohort Analysis","Valsan, Arun; Mohamed, Zubair; Verma, Nipun; Venu, Arathi; Surendran, Sudhindran; Balakrishnan, Dinesh; Unnikrishnan, G; Binoj, ST; Mallick, Shwetha; Nair, Krishnanunni; ",Journal of Clinical and Experimental Hepatology,2025
Deciphering the Proteomic Landscape of Spontaneous Bacterial Peritonitis (SBP) in cirrhosis,"Nadda, Rohit Kumar; Verma, Nipun; Garg, Pratibha; Kaur, Parminder; De, Arka; Taneja, Sunil; Duseja, Ajay; ",Journal of Clinical and Experimental Hepatology,2025
Impact of Resistance Associated Substitutions and Predictors of Treatment Failure following Direct-acting antiviral therapy in a Viral Hepatitis C Elimination Cohort.,"Premkumar, Madhumita; Gupta, Ekta; Sandhu, Anchal; Sharma, Prerna; Nain, Jasvinder; Taneja, Sunil; Verma, Nipun; De, Arka; Duseja, Ajay; Grover, Gagandeep S; ",Journal of Clinical and Experimental Hepatology,2025
"Rifaximin, Plasma Exchange, and G-CSF with Standard Medical Therapy versus Standard Medical Therapy Alone in Severe Alcoholic Hepatitis: Results from the GRACE-AH Randomized Controlled Trial","Vinod, Ashwin P; Verma, Nipun; Garg, Pratibha; Sanal, Malavika K; Kaur, Parminder; Agrawal, Jayant; Lamba, Divjot Singh; Hans, Rekha; Sharma, Ratti Ram; Ghosh, Abhishek; ",Journal of Clinical and Experimental Hepatology,2025
Time Series Analysis of the results of Antimicrobial Stewardship in patients admitted in the Liver ICU in a Tertiary Health Care Centre in North India,"Raj, P Rishin; Mothsara, Chakrant; Murali, Naveen; Sidana, Tania; Duseja, Ajay Kumar; Taneja, Sunil; Premkumar, Madhumita; De, Arka; Verma, Nipun; Shafiq, Nusrat; ",Journal of Clinical and Experimental Hepatology,2025
Intermediate-term outcomes of endoscopic transpapillary gallbladder stenting (ETGS) for symptomatic gall-stone disease in patients with cirrhosis,"De, Arka; Rose, Sweta; Rathi, Sahaj; Singh, Arwinder; Shastri, Arpit; Bhagat, Naveen; Verma, Nipun; Premkumar, Madhumita; Taneja, Sunil; Duseja, Ajay; ",Journal of Clinical and Experimental Hepatology,2025
Augmenter of liver regeneration as a novel biomarker in alcohol-related liver disease: insights into disease progression and prognosis,"Garg, Pratibha; Verma, Nipun; Kaur, Parminder; Ralmilay, Samonee; Valsan, Arun; Taneja, Sunil; Duseja, Ajay Kumar; ",JOURNAL OF HEPATOLOGY,2025
Population pharmacokinetic study of colistin for dose optimization in patients with acute-on-chronic liver failure (ACLF) patients,"Sidana, Tania; Bhandari, Ritika Kondel; Murali, Naveen; Pandey, Avaneesh K; Vij, Soumya; Malhotra, Samir; Taneja, Sunil; Duseja, Ajay; Verma, Nipun; Shafiq, Nusrat; ",Journal of Clinical and Experimental Hepatology,2025
Impact of Low to Moderate Alcohol Consumption on Hepatic Fibrosis Severity in Patients with MASLD: Insights from 7189 patients from ICOM-D Consortium,"Mehta, Manu; Duseja, Ajay; Verma, Nipun; De, Arka; Singh, SP; Anivran, Prajina; Mukewar, Shrikant; Mukewar, Saurabh; Kar, Sanjib; Goyal, Omesh; ",Journal of Clinical and Experimental Hepatology,2025
"Yoga is non inferior to exercise in improving hepatic steatosis in MASLD-An open label, non-inferiority, randomised controlled trial","Balaraja, S; Taneja, Sunil; Anand, Akshay; Sahni, Nancy; Kalra, Naveen; Kumar, Vikram; Rose, Sweta; Shastri, Arpit; Ganesh, CP; Vinod, Ashwin Pachat; ",Journal of Clinical and Experimental Hepatology,2025
Utility of abbreviated non-contrast magnetic resonance imaging as a screening tool for hepatocellular carcinoma in chronic liver disease,"Gupta, Pankaj; Gulati, Ajay; Kalra, Naveen; Singh, Shravya; Bhujade, Harish; Chaluvashetty, Sridhara; Premkumar, Madhumita; Taneja, Sunil; Verma, Nipun; Duseja, Ajay; ",Journal of Clinical and Experimental Hepatology,2025
"Disease Staging and Clinical State in Cirrhosis: Is severity, acuity and pathophysiology the missing link?","Verma, Nipun; Kaur, Parminder; Jalan, Rajiv; ",Journal of Hepatology,2025
Advanced liver fibrosis detection using a two-stage deep learning approach on standard T2-weighted MRI,"Gupta, Pankaj; Singh, Shravya; Gulati, Ajay; Dutta, Niharika; Aggarwal, Yashika; Kalra, Naveen; Premkumar, Madhumita; Taneja, Sunil; Verma, Nipun; De, Arka; ",Abdominal Radiology,2025
Role of artificial intelligence-based ocular biomarkers in hepatobiliary diseases: A scoping review,"Parmar, Uday Pratap Singh; Morya, Arvind Kumar; Gupta, Parul C; Arora, Atul; Verma, Nipun; ",World Journal of Hepatology,2025
"Artificial Intelligence for Predictive Diagnostics, Prognosis, and Decision Support in MASLD, Hepatocellular Carcinoma, and Digital Pathology","Dunn, Nicholas; Verma, Nipun; Dunn, Winston; ",Journal of Clinical and Experimental Hepatology,2025
Real-world use of terlipressin in cirrhosis and acute kidney injury: frequent use beyond hepatorenal syndrome,"Ma, Ann T; Juanola, Adrià; Patidar, Kavish R; Barone, Anna; Incicco, Simone; Kulkarni, Anand V; Verma, Nipun; Lange, Christian M; Xie, Qing; Alessandria, Carlo; ",Clinical Gastroenterology and Hepatology,2025
Too sick to benefit? Patient selection and timing in the ProPILA-Rifax trial,"Ashraf, Muhammad Uwais; Verma, Nipun; Taneja, Sunil; ",Journal of Hepatology,2025
Reply to:“Non-acute decompensation: Ready for clinical practice?”,"Verma, Nipun; Kaur, Parminder; Jalan, Rajiv; ",Journal of Hepatology,2025
Reply to:“RIPK3 in acute decompensation cirrhosis: Prognostic promise and analytic pitfalls”,"Garg, Pratibha; Verma, Nipun; Jalan, Rajiv; ",Journal of hepatology,2025
Point-of-Care Ultrasound (POCUS) guided volume management and the effect of cirrhotic cardiomyopathy on acute kidney injury outcomes in cirrhosis,"Premkumar, Madhumita; Kajal, Kamal; Roy, Akash; Izzy, Manhal; Divyaveer, Smita; Kulkarni, Anand V; Artru, Florent; Sharma, Prerna; Sandhu, Anchal; Sihag, Bhupendra; ",Hepatology,2025
IgG4-related pseudotumor masquerading as hepatocellular carcinoma with portal vein thrombosis,"Rose, Sweta; Ashraf, Muhammad Uwais; Shastri, Arpit; Kumar, Rajender; Mitra, Suvradeep; Nada, Ritambhra; Bhujade, Harish; De, Arka; Verma, Nipun; Taneja, Sunil; ",Journal of Clinical and Experimental Hepatology,2025
Diabetes mellitus is linked to higher mortality in alcohol-related acute-on-chronic liver failure,"Kumar, Ashish; Arora, Anil; Sharma, Praveen; Maiwall, Rakhi; Choudhury, Ashok; Arora, Vinod; Rela, Mohamed; Jothimani, Dinesh; Mahtab, Mamun A; Devarbhavi, Harshad; ",Hepatology International,2025
Ammonia is associated with liver-related complications and predicts mortality in acute-on-chronic liver failure patients,"Thanapirom, Kessarin; Treeprasertsuk, Sombat; Choudhury, Ashok; Verma, Nipun; Dhiman, Radha Krishan; Al Mahtab, Mamun; Devarbhavi, Harshad; Shukla, Akash; Hamid, Saeed Sadiq; Jafri, Wasim; ",Scientific Reports,2024
Recompensation of Chronic Hepatitis C–Related Decompensated Cirrhosis Following Direct-Acting Antiviral Therapy: Prospective Cohort Study From a Hepatitis C Virus Elimination Program,"Premkumar, Madhumita; Dhiman, Radha K; Duseja, Ajay; Mehtani, Rohit; Taneja, Sunil; Gupta, Ekta; Gupta, Pankaj; Sandhu, Anchal; Sharma, Prerna; Rathi, Sahaj; ",Gastroenterology,2024
Machine learning improves the prediction of significant fibrosis in Asian patients with metabolic dysfunction?associated steatotic liver disease–the Gut and Obesity in Asia (GO?ASIA) Study,"Verma, Nipun; Duseja, Ajay; Mehta, Manu; De, Arka; Lin, Huapeng; Wong, Vincent Wai?Sun; Wong, Grace Lai?Hung; Rajaram, Ruveena Bhavani; Chan, Wah?Kheong; Mahadeva, Sanjiv; ",Alimentary Pharmacology & Therapeutics,2024
Bloody Lips-Gluing Bleeding Lower Lip Spider Angioma in Decompensated Cirrhosis,"Gandotra, Akash; Taneja, Sunil; Premkumar, Madhumita; Verma, Nipun; De, Arka; Rathi, Sahaj; Duseja, Ajay; ",Journal of Clinical and Experimental Hepatology,2024
"Exploring the prevalence, predictors, and impact of bacterial infections to guide empiric antimicrobial decisions in cirrhosis (EPIC-AD)","Garg, Pratibha; Verma, Nipun; Angrup, Archana; Taneja, Neelam; Valsan, Arun; Reddy, Venkata D; Agarwal, Jayant; Chaudhary, Roma; Kaur, Parminder; Rathi, Sahaj; ",Journal of Clinical and Experimental Hepatology,2024
Worldwide population prevalence and impact of sub?diagnostic gastrointestinal symptoms,"Palsson, Olafur S; Tack, Jan; Drossman, Douglas A; Le Nevé, Boris; Quinquis, Laurent; Hassouna, Rim; Ruddy, Johannah; Morris, Carolyn B; Sperber, Ami D; Bangdiwala, Shrikant I; ",Alimentary Pharmacology & Therapeutics,2024
Outcomes of Endoscopic Ultrasound-Guided Obliteration for Large Gastric Varices: A Single-Center Experience,"Rathi, Sahaj; Shastri, Arpit; Verma, Nipun; Premkumar, Madhumita; De, Arka; Taneja, Sunil; Duseja, Ajay; ",Journal of Digestive Endoscopy,2024
APASL clinical practice guidelines on the management of acute kidney injury in acute-on-chronic liver failure,"Maiwall, Rakhi; Singh, Satender Pal; Angeli, Paolo; Moreau, Richard; Krag, Aleksander; Singh, Virender; Singal, Ashwani K; Tan, SS; Puri, Puneet; Mahtab, Mamun; ",Hepatology International,2024
Mo1537 NIAAA CLINICAL CRITERIA FOR THE DIAGNOSIS OF ALCOHOLASSOCIATED HEPATITIS ARE PRECISE IN SEVERE BUT NOT IN MODERATE ALCOHOL-ASSOCIATED HEPATITIS,"Jalil, Sajid; Verma, Nipun; Mehtani, Rohit; Haiar, Jacob M; Duseja, Ajay; Singal, Ashwani K; ",Gastroenterology,2024
Clinical criteria accurately diagnose severe but not moderate alcohol-associated hepatitis: A systematic review and meta-analysis,"Verma, Nipun; Mehtani, Rohit; Haiar, Jacob Martin; Pradhan, Pranita; Duseja, Ajay; Im, Gene Young; Singal, Ashwani K; ",Hepatology communications,2024
Magnetic resonance elastography (MRE) outperforms acoustic force radiation impulse (ARFI) in predicting oesophageal varices in obese NAFLD cirrhosis,"Roy, Akash; Verma, Nipun; Jajodia, Surabhi; Goenka, Usha; Tiwari, Awanish; Sonthalia, Nikhil; Goenka, Mahesh; ",Abdominal Radiology,2024
Efficacy of empirical Ciprofloxacin or Cefixime plus Metronidazole therapy for the treatment of liver abscess: a randomized control clinical trial,"Priya G, Lakshmi; Dhibar, Deba Prasad; Saroch, Atul; Sharma, Navneet; Sharma, Vishal; Verma, Nipun; Chaluvashetty, Sreedhara Bettadahally; Prakash, Ajay; Kaur, Harsimran; ",Scientific Reports,2024
Real-world practice patterns on the use of terlipressin in patients with cirrhosis and acute kidney injury-results from the ICA-GLOBAL AKI study,"Ma, Ann Thu; Juanola, Adria; Patidar, Kavish; Barone, Anna; Incicco, Simone; Kulkarni, Anand; Perez-Hernandez, Jose Luis; Wentworth, Brian; Asrani, Sumeet; Alessandria, Carlo; ",Journal of Hepatology,2024
Enhancing prediction of moderate fibrosis in MASLD patients for Resmetirom treatment via machine learning,"Dunn, Winston; Alkhouri, Naim; Cheuk-Fung, Yip T; ",J Hepatol,2024
Global epidemiology of acute kidney injury in hospitalized patients with cirrhosis: the ICA-GLOBAL AKI study,"Patidar, Kavish; Ma, Ann Thu; Juanola, Adria; Barone, Anna; Incicco, Simone; Kulkarni, Anand; Luis Perez-Hernandez, Jose; Wentworth, Brian; Asrani, Sumeet; Alessandria, Carlo; ",Journal of Hepatology,2024
Impact of bacterial infections on kidney function and survival in patients with decompensated cirrhosis and acute kidney injury worldwide-analysis of the ICA-GLOBAL AKI study,"Juanola, Adria; Patidar, Kavish; Ma, Ann Thu; Barone, Anna; Incicco, Simone; Kulkarni, Anand; Perez-Hernandez, Jose Luis; Wentworth, Brian; Asrani, Sumeet; Alessandria, Carlo; ",Journal of Hepatology,2024
Rifaximin improves frailty in patients with decompensated cirrhosis: randomised trial,"Rose, Sweta; Uwais, Muhammad; Priya, Kannu; Sharma, Maryada; Bhujade, Harish; Kumar, Yashwant; Ram, Sant; Rathi, Sahaj; De, Arka; Verma, Nipun; ",Journal of Clinical and Experimental Hepatology,2024
A point-of-care lateral flow assay can reliably diagnose invasive aspergillosis in hospitalized cirrhosis patients with acute decompensation,"Ralmilay, Samonee; Verma, Nipun; Garg, Pratibha; Valsan, Arun; Singh, Shreya; Kaur, Parminder; Rathi, Sahaj; De, Arka; Premkumar, Madhumita; Taneja, Sunil; ",Journal of Clinical and Experimental Hepatology,2024
A novel proteomic approach for diagnosing and treating infections in acute decompensation of cirrhosis,"Garg, Pratibha; Verma, Nipun; Valsan, Arun K; Sarohi, Vivek; Basak, Trayambak; Ralmilay, Samonee; Kaur, Parminder; Singh, Shreya; De, Arka; Premkumar, Madhumita; ",Journal of Clinical and Experimental Hepatology,2024
"A placebo controlled, randomized, double blinded trial to evaluate the use of Tolvaptan for correction of hyponatremia in liver cirrhosis patients (SCOTcH trial)","Valsan, Arun; Mohamed, Zubair; Malayil, George; Paul, Anna; Sudhindran, S; Verma, Nipun; Koshy, Anoop; Balakrishnan, Dinesh; Kumar, Lakshmi; Madathil, Saibala; ",Journal of Clinical and Experimental Hepatology,2024
Insulin-like growth factor-1 levels reflect muscle and bone health and determine complications and mortality in decompensated cirrhosis,"Kaur, Parminder; Verma, Nipun; Wadhawan, Aishani; Garg, Pratibha; Ralmilay, Samonee; Kalra, Naveen; Baloji, Abhiman; Dutta, Pinaki; Sharma, Gaurav; Rathi, Sahaj; ",Journal of Clinical and Experimental Hepatology,2024
"Sarcopenia, frailty and growth hormone-insulin like growth factor axis among decompensated and alcohol-associated hepatitis patients","Wadhawan, Aishani; Verma, Nipun; Kaur, Parminder; Garg, Pratibha; Ralmilay, Samonee; Nadda, Rohit Kumar; Kalra, Naveen; Valsan, Arun; Rathi, Sahaj; De, Arka; ",Journal of Clinical and Experimental Hepatology,2024
Intermediate and long-term outcomes of Endoscopic Ultrasound-Guided Transgastric Shunt Obliteration for Recurrent Hepatic Encephalopathy,"Rathi, Sahaj; Kalantri, Amrita; Shastri, Arpit; Shree, Ritu; Mahesh, Karthik Vinay; Taneja, Sunil; Sreedhara, BC; Bhujade, Harish; Verma, Nipun; Premkumar, Madhumita; ",Journal of Clinical and Experimental Hepatology,2024
Comparison of measured glomerular filtration rate versus estimated glomerular filtration rate in Indian cirrhotic patients: report of a pilot study,"Divyaveer, Smita; Kashyap, Madhuri; Kekan, Kushal; Yadav, Ashok Kumar; Kaur, Jaskiran; Premkumar, Madhumita; Gandotra, Akash; Prajapati, Kanchan; De, Arka; Verma, Nipun; ",Journal of Clinical and Experimental Hepatology,2024
Does guiding antimicrobials with gut colonizing bacteria and Xpert Carba-R improve outcomes in hospitalized cirrhosis patients with infections: a pragmatic randomized trial (Xpert-GUT Trial),"Agarwal, Jayant; Verma, Nipun; Ralmilay, Samonee; Garg, Pratibha; Angrup, Archana; Vig, Shasi; Biswal, Manisha; Rathi, Sahaj; De, Arka; Premkumar, Madhumita; ",Journal of Clinical and Experimental Hepatology,2024
Identification of four novel acute?on?chronic liver failure clusters with distinct clinical trajectories and mortality using machine learning methods,"Verma, Nipun; Garg, Pratibha; Valsan, Arun; Roy, Akash; Mishra, Saurabh; Kaur, Parminder; Rathi, Sahaj; De, Arka; Premkumar, Madhumita; Taneja, Sunil; ",Alimentary Pharmacology & Therapeutics,2024
Association of Myokines With Disease Progression and Outcomes in Patients With Alcohol?Associated Liver Disease—Authors' Reply'.,"Kaur, Parminder; Garg, Pratibha; Verma, Nipun; ",Alimentary pharmacology & therapeutics,2024
"Myokines are associated with progression, course and mortality in alcohol?associated liver disease","Kaur, Parminder; Verma, Nipun; Garg, Pratibha; Ralmilay, Samonee; Wadhawan, Aishani; Nadda, Rohit; Prajapati, Jiya; Sharma, Gaurav; Rathi, Sahaj; De, Arka; ",Alimentary pharmacology & therapeutics,2024
Liver dysfunction and systemic inflammation drives organ failures among hospitalized patients with acute decompensation of cirrhosis: a multi-centric study,"Verma, Nipun; Roy, Akash; Valsan, Arun; Garg, Pratibha; Ralmilay, Samonee; Girish, Venkitesh; Kaur, Parminder; Rathi, Sahaj; De, Arka; Premkumar, Madhumita; ",Journal of Clinical and Experimental Hepatology,2024
Elevated interleukin-1 levels and high MELD score predict poor transplant-free survival in acute liver failure: an observational study,"Mehtani, Rohit; Premkumar, Madhumita; Taneja, Sunil; Duseja, Ajay; Rathi, Sahaj; De, Arka; Verma, Nipun; Garg, Shankey; Ganesh, CP; Ashraf, Md Uwais; ",Journal of Clinical and Experimental Hepatology,2024
Caregiver burden: the quagmire in acute-on-chronic liver failure management,"Valsan, Arun; Mohamed, Zubair; Sharma, Manika; Verma, Nipun; Gupta, Parul; Mohan, Nimitha; Nair, Priya; Nair, Gouripriya R; Nair, Manjima; Venu, Arathi; ",Journal of Clinical and Experimental Hepatology,2024
Regional disparities of infections in cirrhosis: a call for action,"Verma, Nipun; Piano, Salvatore; ",The Lancet Gastroenterology & Hepatology,2024
Decoding ACLF—Sub?Phenotyping to Advance Precision Medicine in Acute?on?Chronic Liver Failure. Authors' Reply,"Garg, Pratibha; Verma, Nipun; Duseja, Ajay; ",Alimentary Pharmacology & Therapeutics,2024
The pharmacological management of alcohol-related cirrhosis: what’s new?,"Verma, Nipun; Vinod, Ashwin P; Singal, Ashwani K; ",Expert Opinion on Pharmacotherapy,2024
Outpatient Intensive Nutrition Therapy Improves Survival and Frailty in Males With Alcohol-related ACLF-Randomized Controlled Trial,"Giri, Patal; Taneja, Sunil; Sahni, Nancy; Bhujade, Harish; Padhi, BK; Karki, Tanka; Garg, Pratibha; Rathi, Sahaj; De, Arka; Verma, Nipun; ",Clinical Gastroenterology and Hepatology,2024
Coagulopathy in acute liver failure,"Roy, Akash; Kumar, Yogendra; Verma, Nipun; ",Best practice & research Clinical gastroenterology,2024
ENHANCING PREDICTION OF MODERATE FIBROSIS OR HIGHER IN MASLD PATIENTS FOR RESMETIROM TREATMENT VIA MACHINE LEARNING,"Dunn, Winston; Alkhouri, Naim; Yip, Terry Cheuk-Fung; Castera, Laurent; Takawy, Marina; Adams, Leon; Verma, Nipun; Arab, Juan Pablo; Jafri, Syed-Mohammed; Zhong, Bihui; ",HEPATOLOGY,2024
RIFAXIMIN IMPROVES FRAILTY IN PATIENTS WITH DECOMPENSATED CIRRHOSIS: RANDOMISED TRIAL,"Taneja, Sunil; Rose, Sweta; Uwais, Muhammad; Priya, Kannu; Bhujade, Harish; Kumar, Yashwant; Ram, Sant; Sharma, Maryada; Rathi, Sahaj; De, Arka; ",HEPATOLOGY,2024
POINT-OF-CARE ULTRASOUND (POCUS) TO ASSESS IMPACT OF CIRRHOTIC CARDIOMYOPATHY AND RENAL BIOMARKERS IN PATIENTS WITH CIRRHOSIS AND ACUTE KIDNEY INJURY,"Premkumar, Madhumita; Kajal, Kamal; Izzy, Manhal; Sihag, Bhupendra; Bahl, Ajay; Kumar, Vishesh; Duseja, Ajay; Roy, Akash; Rathi, Sahaj; Bhujade, Harish; ",HEPATOLOGY,2024
DRIVERS OF ORGAN FAILURES AND PATIENT TRAJECTORIES FAVORING THE DEVELOPMENT OF ACUTE-ONCHRONIC LIVER FAILURE AMONG HOSPITALIZED PATIENTS WITH ACUTE DECOMPENSATION OF CIRRHOSIS: A MULTI-CENTRIC COHORT STUDY,"Verma, Nipun; Roy, Akash; Valsan, Arun Koottumakkal; Garg, Pratibha; Ralmilay, Samonee; Girish, Venkitesh; Kaur, Parminder; Rathi, Sahaj; De, Arka; Premkumar, Madhumita; ",HEPATOLOGY,2024
EXPLORING NON-ACUTE DECOMPENSATION OF CIRRHOSIS AND ITS LONG-TERM TRAJECTORIES AND OUTCOME,"Kaur, Parminder; Verma, Nipun; Garg, Pratibha; Wadhawan, Aishani; Ralmilay, Samonee; Nadda, Rohit; Rathi, Sahaj; De, Arka; Premkumar, Madhumita; Taneja, Sunil; ",HEPATOLOGY,2024
LONGITUDINAL TRAJECTORIES AND OUTCOMES IN ACUTE DECOMPENSATION AND ACUTE-ON-CHRONIC LIVER FAILURE,"Garg, Pratibha; Verma, Nipun; Kaur, Parminder; Ralmilay, Samonee; Valsan, Arun Koottumakkal; Roy, Akash; Rathi, Sahaj; De, Arka; Premkumar, Madhumita; Taneja, Sunil; ",HEPATOLOGY,2024
"AARC LIVER FAILURE SCORE BASED ON REGISTRY OF 10,994 PATIENTS IS A BETTER PROGNOSTIC MODEL FOR ACLF PATIENTS JUSTIFYING GLOBAL APPLICATION AND EXPANSION OF AARC DATABASE","Choudhury, Ashok Kumar; Rela, Mohd; Jothimani, Dinesh; Al Mahtab, Mamun; Devarbhavi, Harshad; Eapen, CE; Goel, Ashish; Javed, P; Ning, Q; Chen, Tao; ",HEPATOLOGY,2024
GLOBAL SOCIOECONOMIC DISPARITIES AFFECT ACUTE KIDNEY INJURY OUTCOMES IN HOSPITALIZED PATIENTS WITH CIRRHOSIS: AN ANALYSIS OF THE INTERNATIONAL CLUB OF ASCITES GLOBAL AKI STUDY,"Patidar, Kavish; Ma, Ann; Juanola, Adria; Barone, Anna; Incicco, Simone; Kulkarni, Anand; Perez Hernandez, Jose Luis; Wentworth, Brian; Asrani, Sumeet; Alessandria, Carlo; ",Hepatology,2024
EVALUATION OF COVID-19-RELATED DECOMPENSATION AND LONG-TERM ASSESSMENT OF POST COVID CONDITION IN PATIENTS WITH CIRRHOSIS (EVA-LONG COVID STUDY),"Premkumar, Madhumita; Sharma, Prerna; Guru, Rashmi; Sandhu, Anchal; Rathi, Sahaj; De, Arka; Verma, Nipun; Taneja, Sunil; Duseja, Ajay; Singh, Virendra; ",HEPATOLOGY,2024
"PHENOTYPES, NATURAL COURSE, AND OUTCOMES OF ACUTE KIDNEY INJURY (AKI) IN PATIENTS WITH ACUTE-ONCHRONIC LIVER FAILURE (ACLF): RESULTS FROM THE ICA-GLOBAL AKI STUDY","Sola, Elsa; Patidar, Kavish; Juanola, Adria; Ma, Ann; Barone, Anna; Incicco, Simone; Kulkarni, Anand; Perez Hernandez, Jose Luis; Wentworth, Brian; Asrani, Sumeet; ",Hepatology,2024
MISCLASSIFICATION AND DISCORDANCE WITH MAGNETIC RESONANCE ELASTOGRAPHY USING FIB-4-BASED STRATIFICATION FOR AT-RISK MASLD,"Roy, Akash; Bhattacharya, Subarna; Verma, Nipun; De, Arka; Keyal, Shruti; Jajodia, Surabhi; Goenka, Usha; Goenka, Mahesh; ",HEPATOLOGY,2024
"AHEAD, A NOVEL VALIDATED MACHINE LEARNING MODEL FOR CLINICAL DIAGNOSIS OF ALCOHOL-ASSOCIATED HEPATITIS","Ismail, Abdellatif; Dunn, Winston; Im, Gene; Weinberg, Ethan; Kwong, Allison; Clemente, Ana; Sm, Shasthry; Rastogi, Archana; So, Bethany; Tang, Kevin; ",HEPATOLOGY,2024
Efficacy and safety of pan?genotypic sofosbuvir and velpatasvir in patients with hepatitis C and HIV coinfection on dolutegravir?based antiretroviral therapy,"De, Arka; Charak, Swati; Bhagat, Naveen; Rathi, Sahaj; Verma, Nipun; Premkumar, Madhumita; Taneja, Sunil; Sharma, Aman; Goel, Kapil; Singh, Virendra; ",Journal of Viral Hepatitis,2023
Machine learning can guide suitability of consultation and patient referral through telemedicine for hepatobiliary diseases,"Verma, Nipun; Vojjala, Nikhil; Mishra, Saurabh; Valsan, Arun; Kaur, Rajwant; Kaur, Talwinder; De, Arka; Premkumar, Madhumita; Taneja, Sunil; Duseja, Ajay; ",Journal of Gastroenterology and Hepatology,2023
"Burden, risk factors, and outcomes of multidrug-resistant bacterial colonisation at multiple sites in patients with cirrhosis","Verma, Nipun; Reddy, P Venkata Divakar; Vig, Shashi; Angrup, Archana; Biswal, Manisha; Valsan, Arun; Garg, Pratibha; Kaur, Parminder; Rathi, Sahaj; De, Arka; ",JHEP Reports,2023
Candida leucine aminopeptidase: A novel mycoprotein linked to invasive candidiasis and mortality in acutely decompensated cirrhosis,"Verma, Nipun; Garg, Pratibha; Bhardwaj, Alka; Sarohi, Vivek; Singh, Shreya; ",Journal of Hepatology,2023
"Association of heparin-like Effect, factor VII/XIII deficiency and fibrinolysis with rebleeding risk in cirrhosis with acute variceal bleeding","Premkumar, Madhumita; Mehtani, Rohit; Kulkarni, Anand V; Duseja, Ajay Kumar; De, Arka; Taneja, Sunil; Singh, Virendra; Verma, Nipun; Ahluwalia, Jasmina; Kajal, Kamal; ",Digestive Diseases and Sciences,2023
Intravenous BCAA infusion does not lead to a sustained recovery from overt HE in ACLF–an open label randomized clinical trial,"Mehtani, Rohit; Premkumar, Madhumita; Garg, Shankey; Kajal, Kamal; Kulkarni, Anand V; Duseja, Ajay K; Dhiman, Radha K; De, Arka; Verma, Nipun; Taneja, Sunil; ",Journal of Clinical and Experimental Hepatology,2023
Simple bedside tests of muscle strength and function correlate with computed tomography-skeletal muscle index for assessment of sarcopenia in cirrhosis,"Singh, Surender; Taneja, Sunil; Roy, Akash; Rathi, Sahaj; De, Arka; Verma, Nipun; Premkumar, Madhumita; Duseja, Ajay; Dhiman, RK; Singh, Virendra; ",Indian Journal of Gastroenterology,2023
"Antibody response and safety of ChAdOx1-nCOV (Covishield) in patients with cirrhosis: a cross-sectional, observational study","Singh, Amandeep; De, Arka; Singh, Mini P; Rathi, Sahaj; Verma, Nipun; Premkumar, Madhumita; Taneja, Sunil; Duseja, Ajay; Singh, Virendra; ",Digestive Diseases and Sciences,2023
Editors’ showcase: hepatology,"Verma, Nipun; Singal, Ashwani K; ",Frontiers in Gastroenterology,2023
"Quantitative liver SPECT/CT is a novel tool to assess liver function, prognosis, and response to treatment in cirrhosis","Kaur, Amritjyot; Verma, Nipun; Singh, Baljinder; Kumar, Ajay; Kumari, Sunita; De, Arka; Sharma, Ratti Ram; Singh, Virendra; ",Frontiers in Medicine,2023
Home?based intensive nutrition therapy improves frailty and sarcopenia in patients with decompensated cirrhosis: a randomized clinical trial,"Meena, Babu Lal; Taneja, Sunil; Tandon, Puneeta; Sahni, Nancy; Soundararajan, Raghuraman; Gorsi, Ujjwal; De, Arka; Verma, Nipun; Premkumar, Madhumita; Duseja, Ajay; ",Journal of Gastroenterology and Hepatology,2023
"Efficacy, tolerability, and compliance of direct acting antivirals in patients with HIV and hepatitis C coinfection: a real-life experience","Mishra, Saurabh; Taneja, Sunil; De, Arka; Verma, Nipun; Premkumar, Madhumita; Naidu, GSRSNK; Sharma, Aman; Duseja, Ajay; Dhiman, Radha Krishan; Singh, Virendra; ",AIDS research and human retroviruses,2023
Assessment of sarcopenia using muscle ultrasound in patients with cirrhosis and sarcopenic obesity (AMUSE STUDY),"Dhariwal, Sukhpal; Roy, Akash; Taneja, Sunil; Bansal, Akash; Gorsi, Ujjwal; Singh, Surender; De, Arka; Verma, Nipun; Premkumar, Madhumita; Duseja, Ajay; ",Journal of Clinical Gastroenterology,2023
"Prevalence, risk factors, and impact of bacterial or fungal infections in acute liver failure patients from India","Kaur, Parminder; Verma, Nipun; Valsan, Arun; Garg, Pratibha; Rathi, Sahaj; De, Arka; Premkumar, Madhumita; Taneja, Sunil; Duseja, Ajay; Singh, Virendra; ",Digestive Diseases and Sciences,2023
Spectrum of autoimmune liver disease and real-world treatment experience from a tertiary care hospital,"Taneja, Sunil; Mehtani, Rohit; De, Arka; Mitra, Suvradeep; Rathi, Sahaj; Verma, Nipun; Premkumar, Madhumita; Minz, Ranjana; Duseja, Ajay; Das, Ashim; ",Journal of Clinical and Experimental Hepatology,2023
ENDOSCOPIC ULTRASOUND GUIDED TRANSGASTRIC SHUNT OCCLUSION FOR PERSISTENT HEPATIC ENCEPHALOPATHY: A CASE SERIES,"Rathi, Sahaj; Kalantri, Amrita; Shastri, Arpit; Taneja, Sunil; Verma, Nipun; De, Arka; Premkumar, Madhumita; Singh, Virendra; Duseja, Ajay; ",Gastrointestinal Endoscopy,2023
The US burden of HRS?AKI—Putting numbers to the problem: Authors' reply,"Verma, Nipun; Singal, Ashwani K; ",Alimentary Pharmacology & Therapeutics,2023
Endoscopic ultrasound-guided transgastric shunt obliteration for recurrent hepatic encephalopathy,"Rathi, Sahaj; Kalantri, Amrita; Shastri, Arpit; Shree, Ritu; Mahesh, Karthik Vinay; Taneja, Sunil; Chaluvasetty, Sreedhara B; Bhujade, Harish; Verma, Nipun; Premkumar, Madhumita; ",Official journal of the American College of Gastroenterology| ACG,2023
A prospective study to assess medication adherence to systemic therapy among patients with hepatocellular carcinoma,"Kumari, Suja; Lakshmanan, Ajee Kurunjipadath; Valsan, Arun; Verma, Nipun; Nair, Priya; Sadasivan, Shine; Pavithran, K; Sudhindran, S; Babu, Merin; Vinod, Vaishnavy S; ",Journal of Hepatology,2023
Cirrhotic cardiomyopathy influences clinical outcomes and enhances performance of conventional risk prediction models in acute?on?chronic liver failure with severe sepsis,"Kajal, Kamal; Premkumar, Madhumita; Izzy, Manhal; Kulkarni, Anand V; Duseja, Ajay Kumar; Divyaveer, Smita; Loganathan, Sekar; Sihag, Bhupendra; Gupta, Ankur; Bahl, Ajay; ",Alimentary Pharmacology & Therapeutics,2023
A prospective study to assess medication adherence to systemic therapy among patients with hepatocellular carcinoma,"Valsan, Arun; Verma, Nipun; Nair, Priya; Sadasivan, Shine; Pavithran, K; Babu, Merin; Vinod, Vaishnavy S; ",Journal of Clinical and Experimental Hepatology,2023
Endoscopic Ultrasound guided occlusion for large gastric varices Can we do away with coils?,"Rathi, Sahaj; Shastri, Arpit; Taneja, Sunil; Verma, Nipun; De, Arka; Premkumar, Madhumita; Duseja, Ajay; ",Journal of Clinical and Experimental Hepatology,2023
P22 Endoscopic Ultrasound Guided Transgastric Shunt Occlusion (ETSO)-A Novel Method of Shunt Occlusion for Recurrent Hepatic Encephalopathy,"Rathi, Sahaj; Kalantri, Amrita; Shastri, Arpit; Shree, Ritu; Mahesh, Karthik Vinay; Taneja, Sunil; Sreedhara, BC; Bhujade, Harish; Verma, Nipun; Premkumar, Madhumita; ",Official journal of the American College of Gastroenterology| ACG,2023
9 BASELINE AMMONIA LEVELS PREDICT MORTALITY AND LIVER-RELATED COMPLICATIONS IN ACUTE-ON-CHRONIC LIVER FAILURE PATIENTS,"Thanapirom, Kessarin; Prasoppokakorn, Thaninee; Treeprasertsuk, Sombat; Verma, Nipun; Dhiman, Radha; Choudhury, Ashok; Taneja, Sunil; Duseja, Ajay; Singh, Virendra; Mahtab, Mamun A; ",Gastroenterology,2023
"An Observational Study to Determine the Combination of Precipitating Factors Predicting 30-Day Mortality in Acute-On-Chronic Liver Failure (ACLF), With Respect to Underlying Disease Etiology and definition of ACLF","Ashraf, Muhammad Uwais; Verma, Nipun; Garg, Pratibha; Vinod, Ashwin P; Kaur, Parminder; Rathi, Sahaj; De, Arka; Premkumar, Madhumita; Taneja, Sunil; Duseja, Ajay; ",Journal of Clinical and Experimental Hepatology,2023
Integrated Unsupervised and Supervised Machine Learning Unveils and Predicts the Clusters with Distinct Profiles and Survival in Acute-on-Chronic Liver Failure (CLUSTER-ACLF),"Verma, Nipun; Garg, Pratibha; Valsan, Arun; Roy, Akash; Mishra, Saurabh; Kaur, Parminder; Rathi, Sahaj; De, Arka; Premkumar, Madhumita; Taneja, Sunil; ",Journal of Clinical and Experimental Hepatology,2023
Impact of outpatient intensive nutrition therapy on survival and frailty in patients with Acute on Chronic Liver Failure-Randomised controlled trial,"Giri, Patal; Taneja, Suni; Sahni, Nancy; Bhujade, Harish; Padhi, BK; Garg, Pratibha; Karki, Tanka; Rathi, Sahaj; De, Arka; Verma, Nipun; ",Journal of Clinical and Experimental Hepatology,2023
Pharmacokinetic assessment of isoniazid and acetylisoniazid in carbon tetrachloride-induced liver injury model in Wistar rats,"Sharma, Swati; Anand, Aishwarya; Verma, Nipun; Sharma, Vishal; Bhatia, Alka; Patil, Amol N; Banerjee, Dibyajyoti; ",Journal of Pharmacy and Bioallied Sciences,2023
Bedside Galactomannan Lateral Flow Assay (GM-LFA) for timely diagnosis of Invasive Pulmonary Aspergillosis In ACLF Patients,"Ralmilay, Samonee; Verma, Nipun; Garg, Pratibha; Singh, Shreya; Kaur, Parminder; Valsan, Arun; Rathi, Sahaj; De, Arka; Premkumar, Madhumita; Taneja, Sunil; ",Journal of Clinical and Experimental Hepatology,2023
Safety and efficacy of oral semaglutide in overweight diabetic patients with non-alcoholic fatty liver disease: an interim analysis,"Valsan, Arun; Venu, Arathi; Verma, Nipun; Santosh, Arjun; Shafi, Mohammed; Mohan, Nimitha K; KL, Ajee; Nair, Priya; Kumar, Harish; Sadasivan, Shine; ",Journal of Clinical and Experimental Hepatology,2023
Predictive Scores for Mortality in MAFLD-Related Acute-on-Chronic Liver Failure (MAFLD-ACLF): Development and Validation of MAFLD-MELD-Na and MAFLD-AARC Scores.,"Kumar, Ashish; Sarin, Shiv Kumar; Arora, Anil; Choudhury, Ashok; Arora, Vinod; Rela, Mohamed; Jothimani, Dinesh Kumar; Al Mahtab, Mamun; Devarbhavi, Harshad; Eapen, CE; ",Journal of Clinical and Experimental Hepatology,2023
S1539 Central Obesity Is Independently Associated With Advanced Fibrosis in Lean NAFLD,"De, Arka; Bhagat, Naveen; Mehta, Manu; Singh, Priya; Rathi, Sahaj; Verma, Nipun; Premkumar, Madhumita; Taneja, Sunil; Duseja, Ajay Kumar; ",Official journal of the American College of Gastroenterology| ACG,2023
"Exploring the Prevalence, Predictors and Impact of Bacterial Infections and Guiding Empiric Antimicrobial Decisions in Acutely Decompensated Cirrhosis (EPIC-AD): A-seminal","Garg, Pratibha; Verma, Nipun; Angrup, Archana; Valsan, Arun; Reddy, Venkata Divakar; Aggarwal, Jayant; Chaudhary, Roma; Kaur, Parminder; Rathi, Sahaj; De, Arka; ",Journal of Clinical and Experimental Hepatology,2023
Predictors of coronary artery disease (CAD) in potential liver transplant (LT) recipients and performance ofThe CAD-LT score in identifying a risk-based strategy for CAD,"Roy, Akash; Valsan, Arun K; Taneja, Sunil; Gupta, Ankur; Sood, Ashwani; Rathi, Sahaj; De, Arka; Verma, Nipun; Premkumar, Madhumita; Duseja, Ajay; ",Journal of Clinical and Experimental Hepatology,2023
Prevalence of Frailty in Patients with Hepatocellular Carcinoma: A real-world observational Study,"Singh, Priya; Taneja, Sunil; Rose, Sweta; De, Arka; Rathi, Sahaj; Verma, Nipun; Premkumar, Madhumita; Duseja, Ajay; ",Journal of Clinical and Experimental Hepatology,2023
"A comprehensive Analysis of the Impact of the Growth Hormone-insulin Like Growth Factor Levels on Complications, Autonomic Neuropathy, and Prognosis in Cirrhosis","Kaur, Parminder; Verma, Nipun; Kalra, Naveen; Baloji, Abhiman; Garg, Pratibha; Kumar, Ashwani; Rathi, Sahaj; De, Arka; Kumar, Madhumita Prem; Taneja, Sunil; ",Journal of Clinical and Experimental Hepatology,2023
Clinico-microbiological Profile and Outcomes of Proven Urinary Tract Infections in Chronic Liver Disease in a Tertiary Care Hospital in India: An Ambi-spective Study,"Valsan, Arun; Arunima, MS; Mohan, Nimitha K; Verma, Nipun; KL, Ajee; Nair, Priya; Roshni, PR; Sadasivan, Shine; Sudhindran, S; Mehtani, Rohit; ",Journal of Clinical and Experimental Hepatology,2023
EUS guided liver biopsy in patients with suspected cACLD and cirrhosis: a real-life observational study,"De, Arka; Shastri, Arpit; Mitra, Suvradeep; Shastri, Malvika; Rathi, Sahaj; Naveen, KB; Gandotra, Akash; Davra, Bhavin; Verma, Nipun; Premkumar, Madhumita; ",Journal of Clinical and Experimental Hepatology,2023
Focal Liver Lesions a frequent Diagnostic Dilemma,"Mehta, Nandita; Chaluvashetty, Sreedhara B; Kalra, Naveen; Bhujade, Harish; Singh, Prabhjot; Taneja, Sunil; Verma, Nipun; De, Arka; Duseja, Ajay; ",Journal of Clinical and Experimental Hepatology,2023
S1483 Impact of Outpatient Intensive Nutrition Therapy on Survival and Frailty in Patients With Acute on Chronic Liver Failure: A Randomized Controlled Trial,"Sunil, Taneja; Patal, Giri; Sahni, Nancy; Harish, Bhujade; Padhi, BK; Tanka, Karki; Pratibha, Garg; Sahaj, Rathi; Arka, De; Nipun, Verma; ",The American Journal of Gastroenterology,2023
Magnetic resonance elastography (MRE) non-invasively predicts high-risk esophageal varices in obese NAFLD cirrhosis,"Roy, Akash; Tewari, Awanish; Verma, Nipun; Goenka, Usha; Jajodia, Surabhi; Banerjee, Swayambhu; Patil, Vikram; Goenka, Mahesh; ",HEPATOLOGY,2023
"HEPATOCELLULAR CARCINOMA ASSOCIATED WITH CHRONIC HEPATITIS C, CLINICAL PROFILE, MANAGEMENT OUTCOMES AND SURVEILLANCE STRATEGY OF THE PUNJAB HCV MODEL: REAL WORLD DATA FROM THE PUBLIC HEALTH PERSPECTIVE","Premkumar, Madhumita; Dhiman, Radha K; Srinivasan, Radhika; De, Arka; Duseja, Ajay K; Gupta, Pankaj; Kalra, Naveen; Gupta, Ekta; Grover, Gagandeep Singh; Bhujade, Harish; ",Age,2023
A NOVEL VALIDATED MODEL FOR CLINICAL DIAGNOSIS OF ALCOHOL-ASSOCIATED HEPATITIS,"Singal, Ashwani K; Im, Gene Y; Weinberg, Ethan M; Kwong, Allison J; Clemente, Ana; SM, Shasthry; Rastogi, Archana; So, Bethany; Tang, Kevin; Tondon, Rashmi; ",The Liver Meeting 2023,2023
S1277 Endoscopic Ultrasound Guided Occlusion for Large Gastric Varices–Can We Do Away With the Coils?,"Rathi, Sahaj; Shastri, Arpit; Taneja, Sunil; Verma, Nipun; De, Arka; Duseja, Ajay Kumar; ",Official journal of the American College of Gastroenterology| ACG,2023
POINT-OF-CARE ECHOCARDIOGRAPHY TO ASSESS IMPACT OF CIRRHOTIC CARDIOMYOPATHY AND CARDIORENAL BIOMARKERS IN PATIENTS WITH CIRRHOSIS AND REFRACTORY ASCITES,"Kajal, Kamal; Premkumar, Madhumita; Izzy, Manhal; Kumar, Vishesh; Sihag, Bhupendra Kumar; Duseja, Ajay K; Divyaveer, Smita; Gupta, Ankur; Rathi, Sahaj; De, Arka; ",The Liver Meeting 2023,2023
PIRO-CIC model can predict mortality and futility of care in critically ill cirrhosis patients in the intensive care unit,"Maiwall, Rakhi; Pasupuleti, Samba Siva Rao; Tevethia, Harsh Vardhan; Sarin, Shiv Kumar; ",Hepatology International,2023
THE ALCOHOLIC LIVER DISEASE/NONALCOHOLIC FATTY LIVER DISEASE INDEX (ANI) IN CLASSIFICATION OF PATIENTS WITH METABOLIC DYSFUNCTION ASSOCIATED FATTY LIVER DISEASE (MAFLD),"Roy, Akash; Goenka, Usha; Jajodia, Surabhi; Tewari, Awanish; Verma, Nipun; Goenka, Mahesh; ",HEPATOLOGY,2023
S2614 Endoscopic Ultrasound Guided Transgastric Shunt Occlusion for Recurrent Hepatic Encephalopathy,"Rathi, Sahaj; Kalantri, Amrita; Shastri, Arpit; Taneja, Sunil; Verma, Nipun; De, Arka; Duseja, Ajay Kumar; ",Official journal of the American College of Gastroenterology| ACG,2023
UNMASKING THE HIDDEN PATTERNS: MACHINE LEARNING IDENTIFIES AND PREDICTS CLUSTERS WITH DISTINCT PROFILES AND OUTCOMES IN ACUTE-ON-CHRONIC LIVER FAILURE (CLUSTER-ACLF),"Verma, Nipun; Garg, Pratibha; Valsan, Arun; Roy, Akash; Mishra, Saurabh; Kaur, Parminder; Rathi, Sahaj; De, Arka; Premkumar, Madhumita; Taneja, Sunil; ",The Liver Meeting 2023,2023
MACHINE LEARNING ADVANCED FIBROSIS IN NASH (ALADDIN) WITH WEB-BASED CALCULATION FOR PROBABILITY PREDICTION,"Dunn, Winston; Alkhouri, Naim; Kundu, Ria; Robert, Sage; Nadeem, Rida; Dunn, Nicholas; Wong, Vincent Wai-Sun; Verma, Nipun; Yip, Terry Cheuk-Fung; Loomba, Rohit; ",,2023
Cirrhotic cardiomyopathy influences clinical outcomes and enhances performance of conventional risk prediction models in acute-on-chronic liver failure with severe sepsis.,"Kajal K, Premkumar M, Izzy M, Kulkarni AV, Duseja AK, Divyaveer S, Loganathan S, Sihag B, Gupta A, Bahl A, Rathi S, Taneja S, De A, Verma N, Sharma N, Kaur H, Zohmangaihi D, Kumar V, Bhujade H, Chaluvashetty SB, Kalra N.; ",Aliment Pharmacol Ther,2023
APASL?ACLF Research Consortium–Artificial Intelligence (AARC?AI) model precisely predicts outcomes in acute?on?chronic liver failure patients,"Verma, Nipun; Choudhury, Ashok; Singh, Virendra; Duseja, Ajay; Al?Mahtab, Manum; Devarbhavi, Harshad; Eapen, Chundamannil E; Goel, Ashish; Ning, Qin; Duan, Zhongping; ",Liver International,2023
Comparison of 1-day vs 3-day terlipressin in cirrhosis with variceal bleeding: An open-label randomized control trial,"Vaishnav, Manas; Biswas, Sagnik; Pathak, Piyush; Anand, Abhinav; Swaroop, Shekhar; Aggarwal, Arnav; Arora, Umang; Elhence, Anshuman; Gamangatti, Shivanand; ",Journal of Clinical and Experimental Hepatology,2023
Endoscopic Ultrasound Guided Transgastric Shunt Occlusion for Recurrent Hepatic Encephalopathy,"Rathi, Sahaj; Kalantri, Amrita; Shastri, Arpit; Taneja, Sunil; Verma, Nipun; De, Arka; Duseja, Ajay Kumar; ",AMERICAN JOURNAL OF GASTROENTEROLOGY,2023
Impact of Outpatient Intensive Nutrition Therapy on Survival and Frailty in Patients With Acute on Chronic Liver Failure: A Randomized Controlled Trial,"Taneja, Sunil; Giri, Patal; Sahni, Nancy; Bhujade, Harish; Padhi, Bk; Karki, Tanka; Pratibha, Garg; Rathi, Sahaj; De, Arka; Verma, Nipun; ",AMERICAN JOURNAL OF GASTROENTEROLOGY,2023
Spectrum o f autoimmune liver disease and real-world treatment experienc e from a tertiary care hospital,"Sunil, Taneja; Rohit, Mehtani; De Arka, Mitra Suvradeep; Sahaj, Rathi; Nipun, Verma; ",Journal of Clinical and Experimental Hepatology,2023
"Feasibility, outcomes, and safety of Telehepatology services during the COVID?19 pandemic","Verma, Nipun; Mishra, Saurabh; Singh, Surender; Kaur, Rajwant; Kaur, Talwinder; De, Arka; Premkumar, Madhumita; Taneja, Sunil; Duseja, Ajay; Singh, Meenu; ",Hepatology Communications,2022
Sofosbuvir plus velpatasvir combination for the treatment of chronic hepatitis C in patients with end stage renal disease on renal replacement therapy: A systematic review and meta?analysis,"De, Arka; Roy, Akash; Verma, Nipun; Mishra, Saurabh; Premkumar, Madhumita; Taneja, Sunil; Singh, Virendra; Duseja, Ajay; ",Nephrology,2022
"Prevalence, predictors, and outcomes of esophageal candidiasis in cirrhosis: an observational study with systematic review and meta-analysis (CANDID-VIEW)","Verma, Nipun; Mishra, Saurabh; Singh, Shreya; De, Arka; Premkumar, Madhumita; Taneja, Sunil; Duseja, Ajay; Singh, Virendra; ",Journal of Clinical and Experimental Hepatology,2022
A comparison of different frailty scores and impact of frailty on outcome in patients with cirrhosis,"Singh, Surender; Taneja, Sunil; Tandon, Puneeta; Bansal, Akash; Gorsi, Ujjwal; Roy, Akash; De, Arka; Verma, Nipun; Premkumar, Madhumita; Duseja, Ajay; ",Journal of Clinical and Experimental Hepatology,2022
Rifaximin vs. norfloxacin for spontaneous bacterial peritonitis prophylaxis: a randomized controlled trial,"Praharaj, Dibya L; Premkumar, Madhumita; Roy, Akash; Verma, Nipun; Taneja, Sunil; Duseja, Ajay; Dhiman, Radha K; ",Journal of Clinical and Experimental Hepatology,2022
Reply to:“Universal definition and prognostication in acute-on-chronic liver failure–an unmet need!”,"Thuluvath, Paul J; Li, Feng; ",Journal of Hepatology,2022
High prevalence of hormonal changes and hepatic osteodystrophy in frail patients with cirrhosis—an observational study,"Singh, Surender; Taneja, Sunil; Tandon, Puneeta; De, Arka; Verma, Nipun; Premkumar, Madhumita; Duseja, Ajay; Dhiman, Radha Krishan; Singh, Virendra; ",Journal of Clinical and Experimental Hepatology,2022
Factors determining the mortality in cirrhosis patients with invasive candidiasis: A systematic review and meta-analysis,"Verma, Nipun; Roy, Akash; Singh, Shreya; Pradhan, Pranita; Garg, Pratibha; Singh, Meenu; ",Medical Mycology,2022
Tuberculosis in cirrhosis–A diagnostic and management conundrum,"Mishra, Saurabh; Taneja, Sunil; De, Arka; Muthu, Valliappan; Verma, Nipun; Premkumar, Madhumita; Duseja, Ajay; Singh, Virendra; ",Journal of Clinical and Experimental Hepatology,2022
Global epidemiological burden of fungal infections in cirrhosis patients: a systematic review with meta?analysis,"Verma, Nipun; Singh, Shreya; Singh, Manvi; Chauhan, Anil; Pradhan, Pranita; Jaiswal, Nishant; Chakrabarti, Arunaloke; Singh, Meenu; ",Mycoses,2022
IgG4-Related Sclerosing Cholangitis with Cholecystitis Mimicking Cholangiocarcinoma: A Case Report,"Meena, Babu L; Verma, Nipun; De, Arka; Taneja, Sunil; ",Journal of Clinical and Experimental Hepatology,2022
Universal definition and prognostication in acute-on-chronic liver failure–an unmet need!,"Verma, Nipun; Mehtani, Rohit; Duseja, Ajay; ",Journal of Hepatology,2022
Sa1391: HEPATITIS C: INVESTIGATING DISPARITIES IN TREATMENT OUTCOMES IN A MULTI-CENTER URBAN POPULATION,"Bhardwaj, Meera P; Ullah, Kazi; Peraza, Jellyana; Xie, Xianhong; Fazzari, Melissa J; Tow, Clara; ",Gastroenterology,2022
P305 Cirrhosis and fungal infections-a cocktail for catastrophe: a systematic review and meta-analysis with machine learning,"Verma, Nipun; Singh, Shreya; Roy, Akash; Valsan, Arun; Garg, Pratibha; Pradhan, Pranita; Chakrabarti, Arunaloke; Singh, Meenu; ",Medical Mycology,2022
A Pragmatic Randomized Trial Comparing the Efficacy of Early Empiric Versus Pre-Emptive Antifungal Therapy in Acute-on-Chronic Liver Failure Patients with Suspected Invasive Fungal Infections: An Interim Analysis (Pep-ACLF),"Valsan, Arun; Verma, Nipun; Shafiq, Nusrat; Chakrabarti, Arunaloke; Duseja, Ajay K; Premkumar, Madhumita; De, Arka; Taneja, Sunil; Singh, Virendra; ",Journal of Clinical and Experimental Hepatology,2022
HCC prediction post SVR: Many tools yet limited generalizability!,"Bhagat, Naveen; Verma, Nipun; Singh, Virendra; ",Journal of Hepatology,2022
Efficacy and safety of pan-genotypic Sofosbuvir and Velpatasvir in patients with Hepatitis C reinfection following attainment of sustained virological response with NS5A inhibitors,"Bhagat, Naveen; De, Arka; Charak, Swati; Kaur, Rajwant; Rathi, Sahaj; Verma, Nipun; Premkumar, Madhumita; Taneja, Sunil; Duseja, Ajay; ",Journal of Clinical and Experimental Hepatology,2022
Bedside tests of muscle function are non-inferior to skeletal muscle index in predicting outcomes in patients with cirrhosis and correlate better with health-related quality of life and cognitive function,"Singh, Surender; Taneja, Sunil; Roy, Akash; De, Arka; Verma, Nipun; Premkumar, Madhumita; Duseja, Ajay; Dhiman, RK; Singh, Virendra; ",Journal of Clinical and Experimental Hepatology,2022
MACHINE LEARNING IMPROVES SIGNIFICANT FIBROSIS PREDICTION AMONG ASIAN PATIENTS WITH NON-ALCOHOLIC FATTY LIVER DISEASE: A REPORT FROM GO-ASIA WORKING GROUP,"Verma, Nipun; Duseja, Ajay K; Mehta, Manu; De, Arka; Lin, Huapeng; Wong, Vincent; Wong, Grace L; Rajaram, Ruveena; Chan, Wah Kheong; Mahadeva, Sanjiv; ",HEPATOLOGY,2022
"Improvement of chronic HCV infection?related depression, anxiety, and neurocognitive performance in persons achieving SVR?12: A real?world cohort study","Kaur, Harmanpreet; Dhiman, Radha K; Kulkarni, Anand V; Premkumar, Madhumita; Singh, Virendra; Duseja, Ajay Kumar; Grover, Sandeep; Grover, Gagandeep S; Roy, Akash; Verma, Nipun; ",Journal of Viral Hepatitis,2022
Impact Of Obesity On The Severity And Outcome Of Patients With Alcohol Associated Acute-On-Chronic Liver Failure,"Marannan, Navin Kumar; áSarin, SK; áArora, V; áChoudhury, AK; áRela, M; áMahtab, MA; áDevarbhavi, H; áEapen, CE; áChawla, YK; áNing, Q; ",Hepatology,2022
Fecal microbiota transplantation in alcohol-associated acute-on-chronic liver failure: an open-label clinical trial,"Sharma, Anima; Roy, Akash; Premkumar, Madhumita; Verma, Nipun; Duseja, Ajay; Taneja, Sunil; Grover, Sandeep; Chopra, Madhu; Dhiman, Radha K; ",Hepatology international,2022
Deep learning and non-invasive assessment of significant fibrosis: does adding more toppings improve the flavor of prediction?,"Verma, Nipun; Asrani, Sumeet K; ",Hepatology International,2022
Multiple cycles of granulocyte colony-stimulating factor in decompensated cirrhosis: a double-blind RCT,"Venkitaraman, Aswath; De, Arka; Verma, Nipun; Kumari, Sunita; Leishangthem, Bidyalaxmi; Sharma, Ratti Ram; Kalra, Naveen; Grover, Sandeep; Singh, Virendra; ",Hepatology International,2022
Proteomics uncovers the mystery of infection and sterile inflammation in acute-on-chronic liver failure patients: a prospective study,"Garg, Pratibha; Verma, Nipun; Valsan, Arun K; Sarohi, Vivek; Sharma, Maryada; Basak, Trayambak; Kaur, Parminder; De, Arka; Premkumar, Madhumita; Taneja, Sunil; ",Journal of Clinical and Experimental Hepatology,2022
Suitability of Tele-consultation for Hepato-biliary Diseases During Covid 19 Pandemic in India: A Machine Learning Based Approach,"Vojjala, Nikhil; Verma, Nipun; Kaur, Ms Rajwant; Kaur, Mrs Talwinder; De, Arka; Premkumar, Madhumita; Taneja, Sunil; Duseja, Ajay K; Singh, Virendra; ",Journal of Clinical and Experimental Hepatology,2022
Cirrhosis and fungal infections-a cocktail for catastrophe: asystematic review and meta-analysis with machine learning,"Verma, Nipun; Singh, Shreya; Roy, Akash; Valsan, Arun; Garg, Pratibha; Pradhan, Pranita; Chakrabarti, Arunaloke; Singh, Meenu; ",MEDICAL MYCOLOGY,2022
Cirrhosis and fungal infections?a cocktail for catastrophe: A systematic review and meta?analysis with machine learning,"Verma, Nipun; Singh, Shreya; Roy, Akash; Valsan, Arun; Garg, Pratibha; Pradhan, Pranita; Chakrabarti, Arunaloke; Singh, Meenu; ",Mycoses,2022
Higher prevalence of metabolic bone disease (MBD) but similar fracture risk in non-alcoholic fatty liver disease (NAFLD) compared to chronic viral hepatitis,"De, Arka; Antony, Joshy; Bhagat, Naveen; Charak, Swati; Singh, Priya; Rathi, Sahaj; Verma, Nipun; Taneja, Sunil; Premkumar, Madhumita; Singh, Tulika; ",Journal of Clinical and Experimental Hepatology,2022
Dual energy X-ray absorptiometry (DEXA) for fracture risk assessment in Hepatitis C virus (HCV)-related compensated advanced chronic liver disease (cACLD) using FRAX tool,"Charak, Swati; De, Arka; Bhagat, Naveen; Antony, Joshy; Rathi, Sahaj; Verma, Nipun; Taneja, Sunil; Premkumar, Madhumita; Singh, Tulika; Pal, Rimesh; ",Journal of Clinical and Experimental Hepatology,2022
Alcoholic Hepatitis,"Verma, Nipun; Roy, Akash; Singh, Virendra; ",Clinical Rounds in Hepatology,2022
Impact of previous hepatic decompensation with and without acute-on-chronic liver failure (ACLF) on severity and outcome of ACLF: the ACLF-AGAIN study,"Gandotra, Akash; Duseja, Ajay; De, Arka; Rathi, Sahaj; Taneja, Sunil; Verma, Nipun; Premkumar, Madhumita; Singh, Virendra; ",Journal of Clinical and Experimental Hepatology,2022
AGILE 3+ Score for Assessing Hepatic Fibrosis in Patients with Non-Alcoholic Fatty Liver Disease (NAFLD)–Validation in an Indian Cohort,"De, Arka; Duseja, Ajay; Mehta, Manu; Singh, Priya; Mehtani, Rohit; Verma, Nipun; Premkumar, Madhumita; Taneja, Sunil; Das, Ashim; Singh, Virendra; ",Journal of Clinical and Experimental Hepatology,2022
Hepatitis C and HIV Co-Infection in Prisons of Punjab,"De, Arka; Kaur, Kanudeep; Charak, Swati; Duseja, Ajay; Taneja, Sunil; Premkumar, Madhumita; Verma, Nipun; Sarin, Sanjay; Shilton, Sonjelle; Grover, Gagandeep Singh; ",Journal of Clinical and Experimental Hepatology,2022
A systematic review with meta-analysis and machine learning for evaluating factors mediating poor outcomes in cirrhosis patients with fungal infections,"Verma, Nipun; Singh, Shreya; Roy, Akash; Valsan, Arun; Garg, Pratibha; Pradhan, Pranita; Chakrabarti, Arunaloke; Singh, Meenu; ",Journal of Clinical and Experimental Hepatology,2022
"BURDEN, RISK FACTORS AND IMPACT OF MULTI-DRUG RESISTANT BACTERIAL COLONIZATION AMONG HOSPITALIZED CIRRHOSIS PATIENTS: A PROSPECTIVE COHORT STUDY","Verma, Nipun; Reddy, Venkata Divakar; Angrup, Archana; Biswal, Manisha; Valsan, Arun; Vig, Shashi; Garg, Pratibha; Kaur, Parminder; Rathi, Sahaj; De, Arka; ",HEPATOLOGY,2022
Propranolol vs. band ligation for primary prophylaxis of variceal hemorrhage in cirrhotic patients with ascites: a randomized controlled trial,"Singh, Virendra; Kumar, Pramod; Verma, Nipun; Vijayvergiya, Rajesh; Singh, Akash; Bhalla, Ashish; ",Hepatology International,2022
Intravenous branched chain amino acid infusion is associated with early but ill-sustained recovery of overt hepatic encephalopathy in acute-on-chronic liver failure: a pilot protocol,"Mehtani, Rohit; Premkumar, Madhumita; Garg, Shankey; Kajal, Kamal; Kulkarni, Anand V; Soni, Shiv Lal; Duseja, Ajay Kumar; De, Arka; Verma, Nipun; Taneja, Sunil; ",Journal of Clinical and Experimental Hepatology,2022
MACHINE LEARNING IDENTIFIES THE HIGH RISK PATIENT WITH CIRRHOSIS USING KIDNEY TRAJECTORY PATTERNS,"Schulz, Philipp; Ogola, Gerald; Verma, Nipun; Bhat, Mamatha; Shabbir, Rehma; Hall, Lauren; Asrani, Sumeet K; ",HEPATOLOGY,2022
PROTEOMICS UNCOVERS THE MYSTERY OF INFECTION AND STERILE INFLAMMATION IN ACUTE-ON-CHRONIC LIVER FAILURE PATIENTS: A PROSPECTIVE STUDY,"Verma, Nipun; Garg, Pratibha; Valsan, Arun; Sarohi, Vivek; Sharma, Maryada; Basak, Trayambak; Kaur, Parminder; De, Arka; Premkumar, Madhumita; Taneja, Sunil; ",HEPATOLOGY,2022
UNTARGETED PROTEOMICS UNRAVELS PATHWAYS ASSOCIATED WITH ACUTE-ON-CHRONIC LIVER FAILURE IN PATIENTS WITH CIRRHOSIS.,"Garg, Pratibha; Verma, Nipun; Sharma, Maryada; Basak, Trayambak; Sarohi, Vivek; Rathi, Sahaj; De, Arka; Premkumar, Madhumita; Taneja, Sunil; Duseja, Ajay K; ",HEPATOLOGY,2022
Association of Liver Steatosis with Clinical Outcomes in SARS-CoV-2 (COVID-19) Infected Patients,"Praharaj, DL; Kumar, R; Nath, P; Mallick, B; Panigrahi, SC; Anand, AC; ",Journal of Clinical and Experimental Hepatology,2022
Efficacy and safety of pan-genotypic sofosbuvir and velpatasvir in patients with chronic hepatitis c and HIV co-infection on dolutegravir-based anti-retroviral therapy,"Charak, Swati; De, Arka; Bhagat, Naveen; Antony, Joshy; Kaur, Talwinder; Rathi, Sahaj; Verma, Nipun; Premkumar, Madhumita; Taneja, Sunil; Duseja, Ajay; ",Journal of Clinical and Experimental Hepatology,2022
"Terrible trio of Mycobacterium abscessus, Candida parapsilosis and Carbapenem resistant Klebsiella pneumoniae in a patient with cirrhosis","Valsan, Arun; Verma, Nipun; De, Arka; Premkumar, Madhumita; Taneja, Sunil; Duseja, Ajay; Singh, Virendra; Sharma, Kusum; ",Journal of Clinical and Experimental Hepatology,2022
IMPACT OF THE COVID-19 PANDEMIC ON THE MANAGEMENT AND OUTCOMES OF PATIENTS WITH CIRRHOSIS AND ACUTE-ON-CHRONIC LIVER FAILURE: ANALYSIS OF MULTIPLE PROSPECTIVE COHORTS FOR NON-COVID-19 COLLATERAL MORBIDITY AND MORTALITY.,"Premkumar, Madhumita; Duseja, Ajay K; Singh, Virendra; Taneja, Sunil; Verma, Nipun; De, Arka; Rathi, Sahaj; ",HEPATOLOGY,2022
Immune?mediated liver injury following COVID?19 vaccination: A systematic review,"Roy, Akash; Verma, Nipun; Singh, Surender; Pradhan, Pranita; Taneja, Sunil; Singh, Meenu; ",Hepatology communications,2022
"EFFICACY OF INTEGRATED HCV AND DEADDICTION THERAPY, AND RISK FACTORS FOR TREATMENT FAILURE IN PERSONS WHO INJECT DRUGS OR SUBSTANCE USE DISORDER WITH CHRONIC HEPATITIS C VIRUS INFECTION","Premkumar, Madhumita; Duseja, Ajay K; Singh, Virendra; Ghosh, Abhishek; Basu, Debasish; Dhiman, Radha K; Guleria, Shikha; Sandhu, Anchal; De, Arka; Taneja, Sunil; ",HEPATOLOGY,2022
Healthcare disparity among elderly patients with cirrhosis during the COVID pandemic,"Valsan, Arun; Mohan, Nimitha K; Ajee, KL; Sadasivan, Shine; Verma, Nipun; Duseja, Ajay; Nair, Priya; Koshy, Anoop; Sudhinan, S; Mohammed, Zubair Umer; ",Journal of Clinical and Experimental Hepatology,2022
"POINT-OF-CARE ECHOCARDIOGRAPHY TO ASSESS IMPACT OF DYNAMIC CARDIAC FUNCTION, RENAL AND CARDIAC BIOMARKERS ON TERLIPRESSIN RESPONSE IN CIRRHOSIS WITH HEPATORENAL SYNDROME-ACUTE KIDNEY INJURY.","Premkumar, Madhumita; Divyaveer, Smita; Kajal, Kamal; Sihag, Bhupendra Kumar; Gupta, Ankur; Duseja, Ajay K; Singh, Virendra; Taneja, Sunil; De, Arka; Rathi, Sahaj; ",HEPATOLOGY,2022
Prevalence and Characteristics of Liver Involvement in Cystic Fibrosis Patients-An Initial Experience From India,"Pareshbhai, Thakkar Malav; Verma, Nipun; Valsan, Arun; Mathew, JL; Singh, Meenu; ",Journal of Clinical and Experimental Hepatology,2022
"Role of hepcidin, altered iron metabolism and systemic inflammation in the pathogenesis of iron deficiency anemia, anemia of chronic disease, and iron refractory anemia in cirrhosis and ACLF.","Premkumar, Madhumita; Aggarwal, Arnav; Mehtani, Rohit; Lad, Deepesh; Mallik, Nabhajit; Divyaveer, Smita; Duseja, Ajay; Singh, Virendra; Taneja, Sunil; De, Arka; ",Journal of Clinical and Experimental Hepatology,2022
INFECTIONS ARE THE CRITICAL DETERMINANT OF MORTALITY IN ACUTE LIVER FAILURE PATIENTS: A COHORT STUDY FROM INDIA,"Kaur, Parminder; Verma, Nipun; Rathi, Sahaj; Garg, Pratibha; De, Arka; Premkumar, Madhumita; Taneja, Sunil; Duseja, Ajay K; Singh, Virendra; ",HEPATOLOGY,2022
Validation of steatosis-associated fibrosis estimator (SAFE) in Indian patients with non-alcoholic fatty liver disease,"Verma, Nipun; Duseja, Ajay; Mehta, Manu; Singh, Priya; De, Arka; Mitra, Survadeep; Das, Ashim; ",Journal of Clinical and Experimental Hepatology,2022
"COMBINED USE OF SERUM HEPCIDIN, SOLUBLE TRANSFERRIN RECEPTOR, TRANSFERRIN SATURATION, AND FERRITIN TO DIAGNOSE AND MANAGE IRON DEFICIENCY ANEMIA, ANEMIA OF CHRONIC DISEASE, AND INFLAMMATION-MEDIATED IRON REFRACTORY ANEMIA IN CIRRHOSIS AND ACLF","Premkumar, Madhumita; Divyaveer, Smita; Mallik, Nabhajit; Duseja, Ajay K; Lad, Deepesh; Deepy, Z; Taneja, Sunil; Singh, Virendra; De, Arka; Verma, Nipun; ",HEPATOLOGY,2022
Outcomes in patients with cirrhosis and fungal infections: a systematic review and meta-analysis with machine learning,"Verma, Nipun; Singh, Shreya; Roy, Akash; Valsan, Arun; Garh, Pratibha; Pradhan, Pranita; Singh, Meenu; ",Journal of Hepatology,2022
Machine learning improves significant fibrosis prediction among Asian patients with biopsy proven non-alcoholic fatty liver disease: a report from GO-ASIA working group,"Verma, Nipun; Duseja, Ajay; Mehta, Manu; De, Arka; Lin, Huapeng; Wong, Vincent Wai-Sun; Wong, GraceLai-Hung; Rajaram, Ruveena Bhavani; Chan, Wah-Kheong; Mahadeva, Sanjiv; ",Journal of Clinical and Experimental Hepatology,2022
FibroScan-AST (FAST) score for nonalcoholic steatohepatitis–validation in an Indian cohort,"De, Arka; Keisham, Amarjit; Mishra, Saurabh; Mehta, Manu; Verma, Nipun; Premkumar, Madhumita; Taneja, Sunil; Das, Ashim; Singh, Virendra; Duseja, Ajay; ",Journal of Clinical and Experimental Hepatology,2022
Clinical Rounds in Hepatology,"Singh, Virendra; Roy, Akash; ",,2022
Tuberculosis in Post-Liver Transplant Recipients—A Road Less Traveled!,"Dawra, Saurabh; Verma, Nipun; ",Journal of Gastrointestinal Infections,2022
A study to assess the affect of open access on citation rate: A systematic review and meta-analysis,"Kishore, Kamal; Jaswal, Vidushi; Singh, Geetesh Kumar; Pandey, Anuj Kumar; Verma, Nipun; ",,2022
"Impact of diabetes, drug-induced liver injury, and sepsis on outcomes in MAFLD-related acute-on-chronic liver failure","Kumar, Ashish; Arora, Anil; Choudhury, Ashok; Arora, Vinod; Rela, Mohamed; Jothimani, Dinesh Kumar; Mahtab, Mamun A; Devarbhavi, Harshad; Eapen, Chundamanni E; Goel, Ashish; ",Official journal of the American College of Gastroenterology| ACG,2022
Liver Dysfunction and Systemic Inflammation Drive Organ Failures in Acute Decompensation of Cirrhosis: A Multi-Centric Study,"Verma, Nipun; Roy, Akash; Valsan, Arun; Garg, Pratibha; Ralmilay, Samonee; Girish, Venkitesh; Kaur, Parminder; Rathi, Sahaj; De, Arka; Premkumar, Madhumita; ",Official journal of the American College of Gastroenterology| ACG,2022
Aladdin: A machine learning approach to enhance the prediction of significant fibrosis or higher in masld,"Alkhouri, Naim; Yip, Terry Cheuk-Fung; Castera, Laurent; Takawy, Marina; Adams, Leon A; Verma, Nipun; Arab, Juan Pablo; Jafri, Syed-Mohammed; Zhong, Bihui; Dubourg, Julie; ",Official journal of the American College of Gastroenterology| ACG,2022
Sofosbuvir and velpatasvir combination is safe and effective in treating chronic hepatitis C in end?stage renal disease on maintenance haemodialysis,"Taneja, Sunil; Duseja, Ajay; Mehta, Manu; De, Arka; Verma, Nipun; Premkumar, Madhumita; Dhiman, Radha K; Singh, Virendra; Singh, Mini P; Ratho, Radha K; ",Liver International,2021
Impact of preexisting chronic liver disease on the outcome of patients with COVID-19 disease,"Verma, Nipun; Duseja, Ajay; Singh, Virendra; ",Gastroenterology,2021
"Comparative accuracy of 1, 3 beta-D glucan and galactomannan for diagnosis of invasive fungal infections in pediatric patients: a systematic review with meta-analysis","Singh, Shreya; Singh, Manvi; Verma, Nipun; Sharma, Minakshi; Pradhan, Pranita; Chauhan, Anil; Jaiswal, Nishant; Chakrabarti, Arunaloke; Singh, Meenu; ",Medical Mycology,2021
Impact of frailty on hospitalization and mortality in outpatients with cirrhosis-A comparison of different frailty scores,"Singh, Surender; Taneja, Sunil; Tandon, Puneeta; Bansal, Akash; Gorsi, Ujjwal; Roy, Akash; De, Arka; Verma, Nipun; Premkumar, Madhumita; Duseja, Ajay; ",JOURNAL OF GASTROENTEROLOGY AND HEPATOLOGY,2021
New classification of gastric varices: a twenty-year experience,"Singh, Akash; Verma, Nipun; Rathi, Sahaj; Kumari, Sunita; Chandel, Shivani; Singh, Virendra; ",Journal of Digestive Endoscopy,2021
Acute-on-Chronic Liver Failure: Possibly the Main Culprit of Increased Mortality in COVID-19 Patients with Liver Disease Reply,"Singh, Shailendra; Verma, Nipun; Duseja, Ajay; Singh, Virendra; ",GASTROENTEROLOGY,2021
Mortality in critically ill patients with coronavirus disease 2019?associated pulmonary aspergillosis: a systematic review and meta?analysis,"Singh, Shreya; Verma, Nipun; Kanaujia, Rimjhim; Chakrabarti, Arunaloke; Rudramurthy, Shivaprakash M; ",Mycoses,2021
Single Session of Fecal Microbiota Transplantation in Decompensated Cirrhosis: An open-label randomized control trial,"Roy, Akash; Premkumar, Madhumita; Sharma, Anima; Verma, Nipun; Singh, Surender; De, Arka; Chopra, Madhu; Taneja, Sunil; Duseja, Ajay; Dhiman, Radha Krishan; ",,2021
MASQ-HE: Unmasking the Predictors of Overt Hepatic Encephalopathy?,"Soni, Dipesh; Roy, Akash; De, Arka; Verma, Nipun; Singh, Virendra; ",Official journal of the American College of Gastroenterology| ACG,2021
Invasive aspergillosis is a critical determinant of mortality in cirrhosis: a systematic review with meta-analysis,"Verma, Nipun; Singh, Shreya; Syal, Arshi; Pradhan, Pranita; Singh, Manvi; Singh, Meenu; ",Medical Mycology,2021
Dynamic assessments of hepatic encephalopathy and ammonia levels predict mortality in acute-on-chronic liver failure,"Verma, Nipun; Dhiman, Radha Krishan; Choudhury, Ashok; Taneja, Sunil; Duseja, Ajay; Singh, Virender; Al Mahtab, Mamun; Devarbhavi, Harshad; Shukla, Akash; Ning, Q; ",Hepatology International,2021
Comparative accuracy of prognostic models for short-term mortality in acute-on-chronic liver failure patients: CAP-ACLF,"Verma, Nipun; Dhiman, Radha Krishan; Singh, Virendra; Duseja, Ajay; Taneja, Sunil; Choudhury, Ashok; Sharma, Manoj Kumar; Eapen, CE; Devarbhavi, Harshad; Al Mahtab, Mamun; ",Hepatology International,2021
Noninvasive Differentiation of Porto?sinusoidal Vascular Disease and Cirrhosis: The Devil Is in the Details!,"Valsan, Arun; Verma, Nipun; Singh, Virendra; ",Hepatology,2021
The cellular stress response interactome and extracellular matrix cross-talk during fibrosis: a stressed extra-matrix affair,"Sharma, Maryada; Kaushal, Kavita; Rawat, Sanjay Singh; Muraleedharan, Manjul; Chhabra, Seema; Verma, Nipun; Mittal, Anupam; Bahl, Ajay; Khullar, Madhu; Ramavat, Anurag; ",Extracellular Matrix-Developments and Therapeutics,2021
S3411 Profile of Anaemia in Patients With Acute-on-Chronic Liver Failure,"Mehtani, Rohit; Aggarwal, Arnav; Premkumar, Madhumita; Kaur, Harpreet; Kaur, Harmanpreet; Kekan, Kushal; Lad, Deepesh; Divyaveer, Smita; Zohmangaihi, Deepy; Mallik, Nabhajit; ",Official journal of the American College of Gastroenterology| ACG,2021
"S3403 Assessment of Role of Iron Metabolism, Vitamin Deficiency, Gastrointestinal Blood Loss, and Chronic Inflammation in the Etiopathogenesis of Anemia in Chronic Liver Disease","Aggarwal, Arnav; Premkumar, Madhumita; Mallik, Nabhajit; Zohmangaihi, Deepy; Lad, Deepesh; Divyaveer, Smita; Singh, Virendra; Kaur, Harmanpreet; Kaur, Harpreet; Kekan, Kushal; ",Official journal of the American College of Gastroenterology| ACG,2021
APASL-ACLF research consortium–artificial intelligence (AARC-AI) model precisely predicts outcomes in acute-on-chronic liver failure patients,"Verma N, Choudhury A K, Singh V et al.; ",Hepatology,2021
A PRAGMATIC RANDOMIZED TRIAL COMPARING THE EFFICACY OF EARLY EMPIRIC VERSUS PRE-EMPTIVE ANTIFUNGAL THERAPY IN ACUTE-ON-CHRONIC LIVER FAILURE PATIENTS WITH SUSPECTED INVASIVE FUNGAL INFECTIONS: AN INTERIM ANALYSIS (PEP-ACLF),"Nipun Verma1, Arun Valsan1, Nusrat Shafiq2, Arunaloke Chakrabarti3, Ajay K. Duseja1, Madhumita Premkumar4, Arka De5, Sunil Taneja5 and Virendra Singh1; ",Hepatology,2021
FACTORS DETERMINING THE TELE-CONSULTATION SUITABILITY FOR HEPATO-BILIARY DISEASES DURING THE COVID-19 PANDEMIC: A MACHINE LEARNING-BASED APPROACH,"Nipun Verma1, Nikhil Vojjala Jr.2,3, Arun Valsan1, Rajwant Kaur4, Talwinder Kaur4, Arka De5, Madhumita Premkumar6, Sunil Taneja5, Ajay K. Duseja1 and Virendra Singh1; ",Hepatology,2021
HOME-BASED INTENSIVE NUTRITION THERAPY IMPROVES FRAILTY AND SARCOPENIA METRICS IN DECOMPENSATED CIRRHOSIS: A RANDOMISED CLINICAL TRIAL,"Sunil Taneja1, Babu Lal Meena2, Puneeta Tandon3, Nancy Sahni4, Raghuraman Soundararajan5, Ujjwal Gorsi5, Arka De1, Nipun Verma1, Madhumita Premkumar2, Ajay K. Duseja1, Radha K. Dhiman2 and Virendra Singh2.; ",Hepatology,2021
AGILE 3+ SCORE FOR ASSESSING HEPATIC FIBROSIS IN PATIENTS WITH NON-ALCOHOLIC FATTY LIVER DISEASE (NAFLD) – VALIDATION IN AN INDIAN COHORT,"Arka De1, Ajay K. Duseja2, Manu Mehta3, Priya Singh4, Rohit Mehtani5, Nipun Verma2, Madhumita Premkumar6, Sunil Taneja5, Ashim Das7 and Virendra Singh .; ",Hepatology,2021
"HEPATITIS C AND HIV COINFECTION IN PRISONS OF PUNJAB, INDIA.","Arka De1, Kanudeep Kaur2, Swati Charak3, Ajay K. Duseja4, Sunil Taneja1, Madhumita Premkumar5, Nipun Verma4, Sanjay Sarin2, Sonjelle Shilton6, Gagandeep S Grover7 and Virendra Singh4; ",Hepatology,2021
Natural history of non-severe COVID-19 in patients with liver disease,"Mehtani, Rohit; De, Arka; Mishra, Saurabh; Roy, Akash; Gandotra, Akash; Verma, Nipun; Premkumar, Madhumita; Taneja, Sunil; Duseja, Ajay K; Singh, Virendra; ",Hepatology,2021
ACUTE VARICEAL BLEEDING PORTENDS POOR OUTCOMES IN PATIENTS WITH ACUTE-ON-CHRONIC LIVER FAILURE: A PROPENSITY SCORE MATCHED MULTINATIONAL STUDY FROM APASL ACLF RESEARCH CONSORTIUM (AARC),"Agarwal, Samagra; Sharma, Sanchit; Choudhury, Ashok Kumar; Saraya, Anoop; Mahtab, Mamun A; Saigal, Sanjiv; Kim, Dong Joon; Eapen, CE; Goel, Ashish; Ning, Qin; ",HEPATOLOGY,2021
"POINT-OF-CARE ECHOCARDIOGRAPHY WITH INFERIOR VENA CAVA DYNAMICS, LACTATE CLEARANCE AND NT-PROBNP ARE BEST PREDICTORS OF HEMODYNAMIC STATUS, DIASTOLIC DYSFUNCTION, RESPONSE TO FLUIDS, AND OUTCOMES IN CIRRHOSIS WITH SHOCK","Kaur, Harpreet; Premkumar, Madhumita; Kajal, Kamal; Singh, Virendra; Duseja, Ajay K; Divyaveer, Smita; Verma, Nipun; De, Arka; Taneja, Sunil; Bhujade, Harish; ",HEPATOLOGY,2021
A SINGLE SESSION FAECAL MICROBIOTA TRANSPLANTATION IS SAFE BUT DOES NOT IMPACT RECURRENCE OF HEPATIC ENCEPHALOPATHY ON LONG TERM FOLLOW UP,"Roy, Akash; Premkumar, Madhumita; Singh, Surender; De, Arka; Verma, Nipun; Taneja, Sunil; Duseja, Ajay K; Singh, Virendra; Dhiman, Radha; ",HEPATOLOGY,2021
IgG4-Related Sclerosing Cholangitis with Cholecystitis Mimicking Cholangiocarcinoma: A,"Meena, Babu L; Verma, Nipun; De, Arka; Taneja, Sunil; ",,2021
"Assessment of Role of Iron Metabolism, Vitamin Deficiency, Gastrointestinal Blood Loss, and Chronic Inflammation in the Etiopathogenesis of Anemia in Chronic Liver Disease","Aggarwal, Arnav; Premkumar, Madhumita; Mallik, Nabhajit; Zohmangaihi, Deepy; Lad, Deepesh; Divyaveer, Smita; Singh, Virendra; Kaur, Harmanpreet; Kaur, Harpreet; Kekan, Kushal; ",AMERICAN JOURNAL OF GASTROENTEROLOGY,2021
"HYPERFIBRINOLYSIS, ENDOGENOUS HEPARINOIDS AND ALTERED PLASMIN-FACTOR XIII BALANCE CONTRIBUTE TO EARLY REBLEEDING AND MORTALITY IN CIRRHOSIS WITH ACUTE VARICEAL BLEEDING","Premkumar, Madhumita; Kaur, Harmanpreet; Kekan, Kushal; Singh, Virendra; Duseja, Ajay K; Ahluwalia, Jasmina; Kaur, Harpreet; Mishra, Saurabh; Mehtani, Rohit; De, Arka; ",HEPATOLOGY,2021
APASL-ACLF RESEARCH CONSORTIUM-ARTIFICIAL INTELLIGENCE (AARC-AI) MODEL PRECISELY PREDICTS OUTCOMES IN ACUTE-ON-CHRONIC LIVER FAILURE PATIENTS,"Verma, Nipun; Choudhury, Ashok Kumar; Singh, Virendra; Duseja, Ajay K; Mahtab, Mamun; Devarbhavi, Harshad; Eapen, CE; Goel, Ashish; Ning, Qin; Duan, Zhongping; ",HEPATOLOGY,2021
Comparative efficacy of treatment options for minimal hepatic encephalopathy: a systematic review and network meta-analysis,"Dhiman, Radha K; Thumburu, Kiran K; Verma, Nipun; Chopra, Madhu; Rathi, Sahaj; Dutta, Usha; Singal, Ashwani K; Taneja, Sunil; Duseja, Ajay; Singh, Meenu; ",Clinical gastroenterology and hepatology,2020
Corrigendum to “Joint Consensus Statement of the Indian National Association for Study of the Liver and Indian Radiological and Imaging Association for the Diagnosis and Imaging of Hepatocellular Carcinoma Incorporating Liver Imaging Reporting and Data System”[J Clin Expt Hepatol 9 (2019) 625–651],"Krishan, Sonal; Dhiman, Radha K; Kalra, Navin; Sharma, Raju; Baijal, Sanjay S; Arora, Anil; Gulati, Ajay; Eapan, Anu; Verma, Ashish; Keshava, Shyam; ",Journal of Clinical and Experimental Hepatology,2020
Neutrophil dysfunction predicts 90?day survival in patients with acute on chronic liver failure: A longitudinal case–control study,"Makkar, Kunaal; Tomer, Shallu; Verma, Nipun; Rathi, Sahaj; Arora, Sunil K; Taneja, Sunil; Duseja, Ajay; Chawla, Yogesh K; Dhiman, Radha K; ",JGH Open,2020
Beta-blockers in refractory ascites–is it truly the end of the road?,"Mehtani, Rohit; Roy, Akash; Verma, Nipun; Premkumar, Madhumita; Singh, Virendra; ",Journal of Hepatology,2020
"Tu1729 BURDEN, PREDICTORS, AND OUTCOMES OF ESOPHAGEAL CANDIDIASIS AMONG PATIENTS WITH CIRRHOSIS: A CASE CONTROL STUDY","Verma, Nipun; Singh, Shreya; De, Arka; Kumar, Madhumita P; Taneja, Sunil; Duseja, Ajay; Singh, Virendra; Dhiman, Radha K; ",Gastroenterology,2020
PROGNOSTIC SCORES FOR ACUTE LIVER FAILURE–MELD IS THE WAY FORWARD!,"Mehtani, Rohit; Premkumar, Madhumita; Kaur, Harmanpreet; Chopra, Madhu; De, Arka; Verma, Nipun; Taneja, Sunil; Duseja, Ajay K; Singh, Virendra; Dhiman, Radha Krishan; ",The Liver Meeting Digital Experience™,2020
"EFFICACY, TOLERABILITY AND COMPLIANCE OF DIRECTLY ACTING ANTIVIRALS IN PATIENTS WITH HEPATITIS C AND HIV CO-INFECTION: REAL LIFE EXPERIENCE FROM A TERTIARY CARE CENTER IN INDIA","Mishra, Saurabh; De, Arka; Verma, Nipun; Premkumar, Madhumita; Taneja, Sunil; Sharma, Aman; Duseja, Ajay K; Singh, Virendra; ",The Liver Meeting Digital Experience™,2020
Single session fecal microbiota transplantation in decompensated cirrhosis: an initial experience of clinical endpoints,"Dhiman, Radha K; Roy, Akash; Premkumar, Madhumita; De, Arka; Verma, Nipun; Duseja, Ajay K; ",The Liver Meeting Digital Experience™,2020
Histology of alcoholic hepatitis in acute-on-chronic liver failure (HALF) study: a preliminary report,"Chandel, Shivani; Sharma, Nitika; Leishangthem, Bidyalaxmi; Roy, Akash; De, Arka; Verma, Nipun; Premkumar, Madhumita; Taneja, Sunil; Duseja, Ajay; Nada, Ritambhra; ",Age (years),2020
PRESENCE OF ENDOGENOUS HEPARINOIDS INCREASES RISK OF SEPSIS AND RE-BLEEDING TENDENCY IN PATIENTS WITH CIRRHOSIS WITH ACUTE VARICEAL BLEEDING,"Premkumar, Madhumita; Kaur, Harmanpreet; Mehtani, Rohit; Chopra, Madhu; Verma, Nipun; Duseja, Ajay K; Singh, Virendra; Dhiman, Radha K; Taneja, Sunil; De, Arka; ",The Liver Meeting Digital Experience™,2020
FIBROSCAN-AST (FAST) score for non-alcoholic steatohepatitis (NASH)–validation in an Indian cohort,"De, Arka; Mishra, Saurabh; Keisham, Amarjit; Mehta, Manu; Verma, Nipun; Premkumar, Madhumita; Taneja, Sunil; Duseja, Ajay K; Das, Ashim; Singh, Virendra; ",The Liver Meeting Digital Experience™,2020
FEASIBILITY AND EVALUATION OF TELE-HEPATOLOGY SERVICES DURING COVID-19 PANDEMIC IN INDIA: AN OBSERVATIONAL STUDY (TELE-HEP-INDIA STUDY),"Verma, Nipun; Singh, Surender; Kaur, Rajwant; Kaur, Talwinder; De, Arka; Premkumar, Madhumita; Taneja, Sunil; Duseja, Ajay K; Singh, Virendra; ",The Liver Meeting Digital Experience™,2020
Covid-19 In Patients With Chronic Hepatitis C Receiving DAA Therapy: Initial Experience From A Longitudinal Survey,"Roy, Akash; Kaur, Rajwant; Kaur, Talwinder; De, Arka; Verma, Nipun; Premkumar, Madhumita; Taneja, Sunil; Duseja, Ajay; Singh, Virendra; ",The Liver Meeting Digital Experience™,2020
MELD?Lactate—the New Kid on the Block,"Singh, Surender; Verma, Nipun; Singh, Virendra; ",Hepatology,2020
Invasive fungal infections amongst patients with acute?on?chronic liver failure at high risk for fungal infections,"Verma, Nipun; Singh, Shreya; Taneja, Sunil; Duseja, Ajay; Singh, Virendra; Dhiman, Radha K; Chakrabarti, Arunaloke; Chawla, Yogesh K; ",Liver International,2019
Presence of Multidrug?resistant Infections at Admission Predict 28?day mortality in Acute Decompensation of Cirrhosis,"Dhiman, Tarana Gupta Dibya Lochan Nipun Verma Sahaj Rathi Swastik Aggarwal Ajay Duseja Sunil Taneja Yogesh K Chawla Radha K; ",Journal of Gastroenterology and Hepatology,2019
Mushroom poisoning,"Verma, Nipun; Bhalla, Ashish; Singh, Shreya; ",Principles and Practice of Critical Care Toxicology,2019
Joint consensus statement of the Indian National Association for study of the liver and Indian Radiological and Imaging Association for the diagnosis and imaging of hepatocellular carcinoma incorporating liver imaging reporting and data system,"Krishan, Sonal; Dhiman, Radha K; Kalra, Navin; Sharma, Raju; Baijal, Sanjay S; Arora, Anil; Gulati, Ajay; Eapan, Anu; Verma, Ashish; Keshava, Shyam; ",Journal of Clinical and Experimental Hepatology,2019
99 idu i mC SPECT follo'ng Granulocyte Colony Stimulating Factor (G-CSF) treatment in decompensated cirrhosis: Correlation th Indocyanine Green and Clinical Scores,"Kaur, Amritjyot; Singh, Virendra; Bhattacharya, Anish; Verma, Nipun; De, Arka; Chopra, Shalini; Kumar, Ajay; Singh, Baljinder; ",JOURNAL OF NUCLEAR MEDICINE,2019
Role of Fecal Microbiota Transplantation in Decompensated Cirrhosis: An Initial Experience of Clinical Endpoints,"Roy, Akash; Dhiman, Radha K; Premkumar, Madhumita; Duseja, Ajay; Taneja, Sunil; Verma, Nipun; ",JOURNAL OF GASTROENTEROLOGY AND HEPATOLOGY,2019
Intracranial invasive mycosis mimicking hepatic encephalopathy in a patient with cirrhosis,"Roy, Akash; Verma, Nipun; Ahuja, Chirag Kamal; ",BMJ Case Reports CP,2019
Primary amyloidosis (AL-type) presenting as liver dysfunction and portal hypertension: a Case Report,"Reddy, UVU; Verma, Nipun; Premkumar, Madhumita; Taneja, Sunil; Duseja, Ajay; Das, Ashim; Dhiman, Radha Krishan; ",JOURNAL OF GASTROENTEROLOGY AND HEPATOLOGY,2019
The human gut resistome: Current concepts & future prospects,"Singh, Shreya; Verma, Nipun; Taneja, Neelam; ",Indian Journal of Medical Research,2019
Quantitative 99mTc Sulfur Colloid Liver SPECT following Granulocyte Colony Stimulating Factor (G-CSF) treatment in decompensated cirrhosis: Correlation with Indocyanine Green and Clinical Scores,"Kaur, Amritjyot; Singh, Virendra; Bhattacharya, Anish; Verma, Nipun; De, Arka; Chopra, Shalini; Kumar, Ajay; Singh, Baljinder; ",,2019
The Changing Spectrum of Autoimmune Liver Disease in India,"Taneja, Sunil; De, Arka; Verma, Nipun; Premkumar, Madhumita; Duseja, Ajay; Minz, Ranjana; Das, Ashim; Singh, Virendra; Dhiman, Radha K; ",JOURNAL OF GASTROENTEROLOGY AND HEPATOLOGY,2019
IgG4 related-sclerosing cholangitis with cholecystopathymimicking cholangiocarcinoma-a Case Report,"Meena, Babu Lal; Verma, Nipun; Taneja, Sunil; Duseja, Ajay; Dhiman, Radha Krishan; ",JOURNAL OF GASTROENTEROLOGY AND HEPATOLOGY,2019
Invasive fungal infections amongst patients with acute-on-chronic liver failure at high risk for fungal infections.,"Nipun Verma, Nipun Verma; Shreya Singh, Shreya Singh; Sunil Taneja, Sunil Taneja; Ajay Duseja, Ajay Duseja; Virendra Singh, Virendra Singh; Dhiman, RK; Arunaloke Chakrabarti, Arunaloke Chakrabarti; Chawla, YK; ",,2019
Sofosbuvir induced steven Johnson Syndrome in a patient with hepatitis C virus?related cirrhosis,"Verma, Nipun; Singh, Shreya; Sawatkar, Gitesh; Singh, Virendra; ",Hepatology Communications,2018
Drug idiosyncrasy due to pirfenidone presenting as acute liver failure: Case report and mini?review of the literature,"Verma, Nipun; Kumar, Pramod; Mitra, Suvradeep; Taneja, Sunil; Dhooria, Sahajal; Das, Ashim; Duseja, Ajay; Dhiman, Radha Krishan; Chawla, Yogesh; ",Hepatology communications,2018
Haematopoietic stem cells in cirrhosis,"Verma, Nipun; Singh, Akash; Singh, Virendra; ",The Lancet Gastroenterology & Hepatology,2018
Outcomes after multiple courses of granulocyte colony?stimulating factor and growth hormone in decompensated cirrhosis: a randomized trial,"Verma, Nipun; Kaur, Amritjyot; Sharma, Ratiram; Bhalla, Ashish; Sharma, Navneet; De, Arka; Singh, Virendra; ",Hepatology,2018
Impact of balloon mitral valvotomy on quality of life and psychiatric morbidity in patients with severe mitral stenosis,"Verma, Nipun; Vijayvergiya, Rajesh; Grover, Sandeep; ",Industrial psychiatry journal,2018
"Efficacy of Induced Hematopoietic Stem Cell Therapy in Decompensated Cirrhosis: An Open Label, Randomized Controlled Trial","Singh, Virendra; De, Arka; Kumari, Sunita; Kaur, Amritjyot; Sharma, Rattiram; Singh, Akash; Bhalla, Ashish; Verma, Nipun; Sharma, Navneet; ",HEPATOLOGY,2018
Growth Factor Therapy for Decompensated Cirrhosis: Much Ado About Nothing? Reply,"Verma, Nipun; Singh, Akash; Singh, Virendra; ",HEPATOLOGY,2018
Liver function assessment by quantitative 99mTc sulfur colloid liver single photon emission computed tomography in decompensated cirrhosis following granulocyte colony-stimulating factor therapy,"Kaur, Amritjyot; Singh, Baljinder; Bsshattacharya, Anish; Chopra, Shalini; Singh, Virendra; Verma, Nipun; De, Arka; ",,2018
Pirfenidone related acute liver failure,"Verma, Nipun; Taneja, Sunil; Dhiman, Radha K; Chawla, Yogesh; ",Journal of Clinical and Experimental Hepatology,2017
Hepatitis E virus induced acute liver failure with scrub typhus coinfection in a pregnant woman,"Verma, Nipun; Sharma, Megha; Biswal, Manisha; Taneja, Sunil; Batra, Nitya; Kumar, Abhay; Dhiman, Radha K; ",Journal of clinical and experimental hepatology,2017
Optimization of 99mTc Sulfur Colloid SPECT for the Functional Liver Assessment in Patients with Decompensated Cirrhosis: Correlation with Indocyanine Green and Clinical Scores.,"Kaur, Amritjyot; Singh, Baljinder; Verma, Nipun; De, Arka; Singh, Virendra; ",HEPATOLOGY,2017
Direct Acting Antivirals in Hepatitis C Virus Genotype 3 and Advanced Cirrhosis,"Singh, Virendra; Kumari, Sunita; Verma, Nipun; Kumar, Pramod; De, Arka; ",HEPATOLOGY,2017
Invasive Fungal Infections in patients of Acute on Chronic Liver Failure,"Verma, Nipun; Singh, Shreya; Taneja, Sunil; Duseja, Ajay K; Singh, Virendra; Dhiman, Radha K; Chakarbarti, Arunaloke; Chawla, Yogesh K; ",HEPATOLOGY,2017
Sofosbuvir induced Steven Johnson syndrome in a patient of Hepatitis-C virus related cirrhosis: a case report,"Verma N, Swatkar G, Singh S, Singh V.; ",Hepatol Int.,2017
New classification of gastric varices: a twenty-year experience.,"Verma N, Kumari S, Kumar P, De A, Singh V.; ",Journal of Hepatology,2017
Outcomes after liver transplantation for argininosuccinate lyase deficiency: A longitudinal study,"Verma, Nipun; ",Clin Transplant,2017
Neutrophil dysfunction in acute on chronic liver failure,"Makkar, Kunaal; Tomer, Shallu; Rathi, Sahaj; Arora, Sunil K; Taneja, Sunil; Duseja, Ajay; Chawla, Yogesh K; Dhiman, Radha K; ",Journal of Clinical and Experimental Hepatology,2017
Evaluation of terlipressin-related patient outcomes in hepatorenal syndrome-acute kidney injury using point-of-care echocardiography,"Premkumar M, Kajal K, Reddy KR, Izzy M, Kulkarni AV, Duseja AK, Sihag KB, Divyaveer S, Gupta A, Taneja S, De A, Verma N, Rathi S, Bhujade H, Chaluvashetty SB, Roy A, Kumar V, Siddhartha V, Singh V, Bahl A.; ",Hepatology,2017
Invasive Fungal Infections in Patients of Acute on Chronic Liver Failure,"Verma, Nipun; Singh, Shreya; Taneja, Sunil; Prakash, Shiva; Chakarbarti, Arunaloke; Singh, Virendra; Duseja, Ajay; Dhiman, Radha K; Chawla, Yogesh K; ",Journal of Clinical and Experimental Hepatology,2016
Quality of Life and Outcomes after Multiple Courses of Granulocyte-Colony Stimulating Factor and Growth Hormone in Patients with Decompensated Cirrhosis,"Singh, Virendra; Verma, Nipun; Kaur, Amritjyot; Sharma, Ratiram; Bhalla, Ashish; Sharma, Navneet; Agarwal, Ritesh; Singh, Akash; Kumari, Sunita; Taneja, Sunil; ",HEPATOLOGY,2016
Clinicopathological Conference Report-PM 23965,"Kakkar, Nandita; Bommanan, Karthik; Verma, Nipun; Sharma, Navneet; Radotra, BD; ","Journal of Postgraduate Medicine, Education and Research",2014
Wild mushroom poisoning in north India: case series with review of literature,"Verma, Nipun; Bhalla, Ashish; Kumar, Susheel; Dhiman, Radha K; Chawla, Yogesh K; ",Journal of clinical and experimental hepatology,2014
Rabies Meningoencephalomyelitis presenting as Guillain Barré Syndrome,"Kakkar, Nandita; Bommanan, Karthik; Verma, Nipun; Radotra, BD; ","Journal of Postgraduate Medicine, Education and Research",2014
